country,year,total aviation passenger,total aviation freight,total domestic aviation passenger,total international aviation passenger,total domestic aviation freight,total international aviation freight,total domestic aviation,total international aviation,total domestic navigation,total international navigation
AL,1990,0.9067851549500465,0.09321484504995341,0.041635787523282314,0.8651493674267642,0.0038167462231217496,0.08939809882683164,0.04545253374640407,0.9545474662535957,0.540431579557979,0.459568420442021
AL,1991,0.9067851549500465,0.09321484504995341,0.041635787523282314,0.8651493674267642,0.0038167462231217496,0.08939809882683164,0.04545253374640407,0.9545474662535957,0.540431579557979,0.459568420442021
AL,1992,0.9067851549500465,0.09321484504995341,0.041635787523282314,0.8651493674267642,0.0038167462231217496,0.08939809882683164,0.04545253374640407,0.9545474662535957,0.540431579557979,0.459568420442021
AL,1993,0.9067851549500465,0.09321484504995341,0.041635787523282314,0.8651493674267642,0.0038167462231217496,0.08939809882683164,0.04545253374640407,0.9545474662535957,0.540431579557979,0.459568420442021
AL,1994,0.9067851549500465,0.09321484504995341,0.041635787523282314,0.8651493674267642,0.0038167462231217496,0.08939809882683164,0.04545253374640407,0.9545474662535957,0.540431579557979,0.459568420442021
AL,1995,0.9067851549500465,0.09321484504995341,0.041635787523282314,0.8651493674267642,0.0038167462231217496,0.08939809882683164,0.04545253374640407,0.9545474662535957,0.540431579557979,0.459568420442021
AL,1996,0.9067851549500465,0.09321484504995341,0.041635787523282314,0.8651493674267642,0.0038167462231217496,0.08939809882683164,0.04545253374640407,0.9545474662535957,0.540431579557979,0.459568420442021
AL,1997,0.9067851549500465,0.09321484504995341,0.041635787523282314,0.8651493674267642,0.0038167462231217496,0.08939809882683164,0.04545253374640407,0.9545474662535957,0.540431579557979,0.459568420442021
AL,1998,0.9067851549500465,0.09321484504995341,0.041635787523282314,0.8651493674267642,0.0038167462231217496,0.08939809882683164,0.04545253374640407,0.9545474662535957,0.540431579557979,0.459568420442021
AL,1999,0.9067851549500465,0.09321484504995341,0.041635787523282314,0.8651493674267642,0.0038167462231217496,0.08939809882683164,0.04545253374640407,0.9545474662535957,0.540431579557979,0.459568420442021
AL,2000,0.9067851549500465,0.09321484504995341,0.041635787523282314,0.8651493674267642,0.0038167462231217496,0.08939809882683164,0.04545253374640407,0.9545474662535957,0.540431579557979,0.459568420442021
AL,2001,0.9067851549500465,0.09321484504995341,0.041635787523282314,0.8651493674267642,0.0038167462231217496,0.08939809882683164,0.04545253374640407,0.9545474662535957,0.540431579557979,0.459568420442021
AL,2002,0.9067851549500465,0.09321484504995341,0.041635787523282314,0.8651493674267642,0.0038167462231217496,0.08939809882683164,0.04545253374640407,0.9545474662535957,0.540431579557979,0.459568420442021
AL,2003,0.9067851549500465,0.09321484504995341,0.041635787523282314,0.8651493674267642,0.0038167462231217496,0.08939809882683164,0.04545253374640407,0.9545474662535957,0.540431579557979,0.459568420442021
AL,2004,0.9067851549500465,0.09321484504995341,0.041635787523282314,0.8651493674267642,0.0038167462231217496,0.08939809882683164,0.04545253374640407,0.9545474662535957,0.540431579557979,0.459568420442021
AL,2005,0.9067851549500465,0.09321484504995341,0.041635787523282314,0.8651493674267642,0.0038167462231217496,0.08939809882683164,0.04545253374640407,0.9545474662535957,0.540431579557979,0.459568420442021
AL,2006,0.9067851549500465,0.09321484504995341,0.041635787523282314,0.8651493674267642,0.0038167462231217496,0.08939809882683164,0.04545253374640407,0.9545474662535957,0.540431579557979,0.459568420442021
AL,2007,0.9067851549500465,0.09321484504995341,0.041635787523282314,0.8651493674267642,0.0038167462231217496,0.08939809882683164,0.04545253374640407,0.9545474662535957,0.540431579557979,0.459568420442021
AL,2008,0.9067851549500465,0.09321484504995341,0.041635787523282314,0.8651493674267642,0.0038167462231217496,0.08939809882683164,0.04545253374640407,0.9545474662535957,0.540431579557979,0.459568420442021
AL,2009,0.9067851549500465,0.09321484504995341,0.041635787523282314,0.8651493674267642,0.0038167462231217496,0.08939809882683164,0.04545253374640407,0.9545474662535957,0.540431579557979,0.459568420442021
AL,2010,0.9067851549500465,0.09321484504995341,0.041635787523282314,0.8651493674267642,0.0038167462231217496,0.08939809882683164,0.04545253374640407,0.9545474662535957,0.540431579557979,0.459568420442021
AL,2011,0.9067851549500465,0.09321484504995341,0.041635787523282314,0.8651493674267642,0.0038167462231217496,0.08939809882683164,0.04545253374640407,0.9545474662535957,0.540431579557979,0.459568420442021
AL,2012,0.9067851549500465,0.09321484504995341,0.041635787523282314,0.8651493674267642,0.0038167462231217496,0.08939809882683164,0.04545253374640407,0.9545474662535957,0.540431579557979,0.459568420442021
AL,2013,0.9067851549500465,0.09321484504995341,0.041635787523282314,0.8651493674267642,0.0038167462231217496,0.08939809882683164,0.04545253374640407,0.9545474662535957,0.540431579557979,0.459568420442021
AL,2014,0.9067851549500465,0.09321484504995341,0.041635787523282314,0.8651493674267642,0.0038167462231217496,0.08939809882683164,0.04545253374640407,0.9545474662535957,0.540431579557979,0.459568420442021
AL,2015,0.9067851549500465,0.09321484504995341,0.041635787523282314,0.8651493674267642,0.0038167462231217496,0.08939809882683164,0.04545253374640407,0.9545474662535957,0.540431579557979,0.459568420442021
AL,2016,0.9067851549500465,0.09321484504995341,0.041635787523282314,0.8651493674267642,0.0038167462231217496,0.08939809882683164,0.04545253374640407,0.9545474662535957,0.540431579557979,0.459568420442021
AL,2017,0.9067851549500465,0.09321484504995341,0.041635787523282314,0.8651493674267642,0.0038167462231217496,0.08939809882683164,0.04545253374640407,0.9545474662535957,0.540431579557979,0.459568420442021
AL,2018,0.9067851549500465,0.09321484504995341,0.041635787523282314,0.8651493674267642,0.0038167462231217496,0.08939809882683164,0.04545253374640407,0.9545474662535957,0.540431579557979,0.459568420442021
AL,2019,0.9067851549500465,0.09321484504995341,0.041635787523282314,0.8651493674267642,0.0038167462231217496,0.08939809882683164,0.04545253374640407,0.9545474662535957,0.540431579557979,0.459568420442021
AL,2020,0.9067851549500465,0.09321484504995341,0.041635787523282314,0.8651493674267642,0.0038167462231217496,0.08939809882683164,0.04545253374640407,0.9545474662535957,0.540431579557979,0.459568420442021
AL,2021,0.9067851549500465,0.09321484504995341,0.041635787523282314,0.8651493674267642,0.0038167462231217496,0.08939809882683164,0.04545253374640407,0.9545474662535957,0.540431579557979,0.459568420442021
AT,1990,0.965233993660123,0.03476600633987698,0.026183255300174364,0.9390557445633997,0.011195250130495299,0.023570756209381684,0.03737850543066966,0.9626265005110876,0.7473269478969541,0.2526730521030459
AT,1991,0.965233993660123,0.03476600633987698,0.026183255300174364,0.9390557445633997,0.011195250130495299,0.023570756209381684,0.03737850543066966,0.9626265005110876,0.7473269478969541,0.2526730521030459
AT,1992,0.965233993660123,0.03476600633987698,0.026183255300174364,0.9390557445633997,0.011195250130495299,0.023570756209381684,0.03737850543066966,0.9626265005110876,0.7473269478969541,0.2526730521030459
AT,1993,0.965233993660123,0.03476600633987698,0.026183255300174364,0.9390557445633997,0.011195250130495299,0.023570756209381684,0.03737850543066966,0.9626265005110876,0.7473269478969541,0.2526730521030459
AT,1994,0.965233993660123,0.03476600633987698,0.026183255300174364,0.9390557445633997,0.011195250130495299,0.023570756209381684,0.03737850543066966,0.9626265005110876,0.7473269478969541,0.2526730521030459
AT,1995,0.965233993660123,0.03476600633987698,0.026183255300174364,0.9390557445633997,0.011195250130495299,0.023570756209381684,0.03737850543066966,0.9626265005110876,0.7473269478969541,0.2526730521030459
AT,1996,0.965233993660123,0.03476600633987698,0.026183255300174364,0.9390557445633997,0.011195250130495299,0.023570756209381684,0.03737850543066966,0.9626265005110876,0.7473269478969541,0.2526730521030459
AT,1997,0.965233993660123,0.03476600633987698,0.026183255300174364,0.9390557445633997,0.011195250130495299,0.023570756209381684,0.03737850543066966,0.9626265005110876,0.7473269478969541,0.2526730521030459
AT,1998,0.965233993660123,0.03476600633987698,0.026183255300174364,0.9390557445633997,0.011195250130495299,0.023570756209381684,0.03737850543066966,0.9626265005110876,0.7473269478969541,0.2526730521030459
AT,1999,0.965233993660123,0.03476600633987698,0.026183255300174364,0.9390557445633997,0.011195250130495299,0.023570756209381684,0.03737850543066966,0.9626265005110876,0.7473269478969541,0.2526730521030459
AT,2000,0.965233993660123,0.03476600633987698,0.026183255300174364,0.9390557445633997,0.011195250130495299,0.023570756209381684,0.03737850543066966,0.9626265005110876,0.7473269478969541,0.2526730521030459
AT,2001,0.965233993660123,0.03476600633987698,0.026183255300174364,0.9390557445633997,0.011195250130495299,0.023570756209381684,0.03737850543066966,0.9626265005110876,0.7473269478969541,0.2526730521030459
AT,2002,0.965233993660123,0.03476600633987698,0.026183255300174364,0.9390557445633997,0.011195250130495299,0.023570756209381684,0.03737850543066966,0.9626265005110876,0.7473269478969541,0.2526730521030459
AT,2003,0.965233993660123,0.03476600633987698,0.026183255300174364,0.9390557445633997,0.011195250130495299,0.023570756209381684,0.03737850543066966,0.9626265005110876,0.7473269478969541,0.2526730521030459
AT,2004,0.965233993660123,0.03476600633987698,0.026183255300174364,0.9390557445633997,0.011195250130495299,0.023570756209381684,0.03737850543066966,0.9626265005110876,0.7473269478969541,0.2526730521030459
AT,2005,0.965233993660123,0.03476600633987698,0.026183255300174364,0.9390557445633997,0.011195250130495299,0.023570756209381684,0.03737850543066966,0.9626265005110876,0.7473269478969541,0.2526730521030459
AT,2006,0.965233993660123,0.03476600633987698,0.026183255300174364,0.9390557445633997,0.011195250130495299,0.023570756209381684,0.03737850543066966,0.9626265005110876,0.7473269478969541,0.2526730521030459
AT,2007,0.965233993660123,0.03476600633987698,0.026183255300174364,0.9390557445633997,0.011195250130495299,0.023570756209381684,0.03737850543066966,0.9626265005110876,0.7473269478969541,0.2526730521030459
AT,2008,0.965233993660123,0.03476600633987698,0.026183255300174364,0.9390557445633997,0.011195250130495299,0.023570756209381684,0.03737850543066966,0.9626265005110876,0.7473269478969541,0.2526730521030459
AT,2009,0.965233993660123,0.03476600633987698,0.026183255300174364,0.9390557445633997,0.011195250130495299,0.023570756209381684,0.03737850543066966,0.9626265005110876,0.7473269478969541,0.2526730521030459
AT,2010,0.965233993660123,0.03476600633987698,0.026183255300174364,0.9390557445633997,0.011195250130495299,0.023570756209381684,0.03737850543066966,0.9626265005110876,0.7473269478969541,0.2526730521030459
AT,2011,0.965233993660123,0.03476600633987698,0.026183255300174364,0.9390557445633997,0.011195250130495299,0.023570756209381684,0.03737850543066966,0.9626265005110876,0.7473269478969541,0.2526730521030459
AT,2012,0.965233993660123,0.03476600633987698,0.026183255300174364,0.9390557445633997,0.011195250130495299,0.023570756209381684,0.03737850543066966,0.9626265005110876,0.7473269478969541,0.2526730521030459
AT,2013,0.965233993660123,0.03476600633987698,0.026183255300174364,0.9390557445633997,0.011195250130495299,0.023570756209381684,0.03737850543066966,0.9626265005110876,0.7473269478969541,0.2526730521030459
AT,2014,0.965233993660123,0.03476600633987698,0.026183255300174364,0.9390557445633997,0.011195250130495299,0.023570756209381684,0.03737850543066966,0.9626265005110876,0.7473269478969541,0.2526730521030459
AT,2015,0.965233993660123,0.03476600633987698,0.026183255300174364,0.9390557445633997,0.011195250130495299,0.023570756209381684,0.03737850543066966,0.9626265005110876,0.7473269478969541,0.2526730521030459
AT,2016,0.965233993660123,0.03476600633987698,0.026183255300174364,0.9390557445633997,0.011195250130495299,0.023570756209381684,0.03737850543066966,0.9626265005110876,0.7473269478969541,0.2526730521030459
AT,2017,0.965233993660123,0.03476600633987698,0.026183255300174364,0.9390557445633997,0.011195250130495299,0.023570756209381684,0.03737850543066966,0.9626265005110876,0.7473269478969541,0.2526730521030459
AT,2018,0.965233993660123,0.03476600633987698,0.026183255300174364,0.9390557445633997,0.011195250130495299,0.023570756209381684,0.03737850543066966,0.9626265005110876,0.7473269478969541,0.2526730521030459
AT,2019,0.965233993660123,0.03476600633987698,0.026183255300174364,0.9390557445633997,0.011195250130495299,0.023570756209381684,0.03737850543066966,0.9626265005110876,0.7473269478969541,0.2526730521030459
AT,2020,0.965233993660123,0.03476600633987698,0.026183255300174364,0.9390557445633997,0.011195250130495299,0.023570756209381684,0.03737850543066966,0.9626265005110876,0.7473269478969541,0.2526730521030459
AT,2021,0.965233993660123,0.03476600633987698,0.026183255300174364,0.9390557445633997,0.011195250130495299,0.023570756209381684,0.03737850543066966,0.9626265005110876,0.7473269478969541,0.2526730521030459
BA,1990,0.9063450500850775,0.09365494991492249,0.0,0.9063450500850775,0.0,0.09365494991492249,0.0,1.0,0.27836097606906335,0.7216390239309367
BA,1991,0.9063450500850775,0.09365494991492249,0.0,0.9063450500850775,0.0,0.09365494991492249,0.0,1.0,0.27836097606906335,0.7216390239309367
BA,1992,0.9063450500850775,0.09365494991492249,0.0,0.9063450500850775,0.0,0.09365494991492249,0.0,1.0,0.27836097606906335,0.7216390239309367
BA,1993,0.9063450500850775,0.09365494991492249,0.0,0.9063450500850775,0.0,0.09365494991492249,0.0,1.0,0.27836097606906335,0.7216390239309367
BA,1994,0.9063450500850775,0.09365494991492249,0.0,0.9063450500850775,0.0,0.09365494991492249,0.0,1.0,0.27836097606906335,0.7216390239309367
BA,1995,0.9063450500850775,0.09365494991492249,0.0,0.9063450500850775,0.0,0.09365494991492249,0.0,1.0,0.27836097606906335,0.7216390239309367
BA,1996,0.9063450500850775,0.09365494991492249,0.0,0.9063450500850775,0.0,0.09365494991492249,0.0,1.0,0.27836097606906335,0.7216390239309367
BA,1997,0.9063450500850775,0.09365494991492249,0.0,0.9063450500850775,0.0,0.09365494991492249,0.0,1.0,0.27836097606906335,0.7216390239309367
BA,1998,0.9063450500850775,0.09365494991492249,0.0,0.9063450500850775,0.0,0.09365494991492249,0.0,1.0,0.27836097606906335,0.7216390239309367
BA,1999,0.9063450500850775,0.09365494991492249,0.0,0.9063450500850775,0.0,0.09365494991492249,0.0,1.0,0.27836097606906335,0.7216390239309367
BA,2000,0.9063450500850775,0.09365494991492249,0.0,0.9063450500850775,0.0,0.09365494991492249,0.0,1.0,0.27836097606906335,0.7216390239309367
BA,2001,0.9063450500850775,0.09365494991492249,0.0,0.9063450500850775,0.0,0.09365494991492249,0.0,1.0,0.27836097606906335,0.7216390239309367
BA,2002,0.9063450500850775,0.09365494991492249,0.0,0.9063450500850775,0.0,0.09365494991492249,0.0,1.0,0.27836097606906335,0.7216390239309367
BA,2003,0.9063450500850775,0.09365494991492249,0.0,0.9063450500850775,0.0,0.09365494991492249,0.0,1.0,0.27836097606906335,0.7216390239309367
BA,2004,0.9063450500850775,0.09365494991492249,0.0,0.9063450500850775,0.0,0.09365494991492249,0.0,1.0,0.27836097606906335,0.7216390239309367
BA,2005,0.9063450500850775,0.09365494991492249,0.0,0.9063450500850775,0.0,0.09365494991492249,0.0,1.0,0.27836097606906335,0.7216390239309367
BA,2006,0.9063450500850775,0.09365494991492249,0.0,0.9063450500850775,0.0,0.09365494991492249,0.0,1.0,0.27836097606906335,0.7216390239309367
BA,2007,0.9063450500850775,0.09365494991492249,0.0,0.9063450500850775,0.0,0.09365494991492249,0.0,1.0,0.27836097606906335,0.7216390239309367
BA,2008,0.9063450500850775,0.09365494991492249,0.0,0.9063450500850775,0.0,0.09365494991492249,0.0,1.0,0.27836097606906335,0.7216390239309367
BA,2009,0.9063450500850775,0.09365494991492249,0.0,0.9063450500850775,0.0,0.09365494991492249,0.0,1.0,0.27836097606906335,0.7216390239309367
BA,2010,0.9063450500850775,0.09365494991492249,0.0,0.9063450500850775,0.0,0.09365494991492249,0.0,1.0,0.27836097606906335,0.7216390239309367
BA,2011,0.9063450500850775,0.09365494991492249,0.0,0.9063450500850775,0.0,0.09365494991492249,0.0,1.0,0.27836097606906335,0.7216390239309367
BA,2012,0.9063450500850775,0.09365494991492249,0.0,0.9063450500850775,0.0,0.09365494991492249,0.0,1.0,0.27836097606906335,0.7216390239309367
BA,2013,0.9063450500850775,0.09365494991492249,0.0,0.9063450500850775,0.0,0.09365494991492249,0.0,1.0,0.27836097606906335,0.7216390239309367
BA,2014,0.9063450500850775,0.09365494991492249,0.0,0.9063450500850775,0.0,0.09365494991492249,0.0,1.0,0.27836097606906335,0.7216390239309367
BA,2015,0.9063450500850775,0.09365494991492249,0.0,0.9063450500850775,0.0,0.09365494991492249,0.0,1.0,0.27836097606906335,0.7216390239309367
BA,2016,0.9063450500850775,0.09365494991492249,0.0,0.9063450500850775,0.0,0.09365494991492249,0.0,1.0,0.27836097606906335,0.7216390239309367
BA,2017,0.9063450500850775,0.09365494991492249,0.0,0.9063450500850775,0.0,0.09365494991492249,0.0,1.0,0.27836097606906335,0.7216390239309367
BA,2018,0.9063450500850775,0.09365494991492249,0.0,0.9063450500850775,0.0,0.09365494991492249,0.0,1.0,0.27836097606906335,0.7216390239309367
BA,2019,0.9063450500850775,0.09365494991492249,0.0,0.9063450500850775,0.0,0.09365494991492249,0.0,1.0,0.27836097606906335,0.7216390239309367
BA,2020,0.9063450500850775,0.09365494991492249,0.0,0.9063450500850775,0.0,0.09365494991492249,0.0,1.0,0.27836097606906335,0.7216390239309367
BA,2021,0.9063450500850775,0.09365494991492249,0.0,0.9063450500850775,0.0,0.09365494991492249,0.0,1.0,0.27836097606906335,0.7216390239309367
BE,1990,0.8188925895094757,0.18110741049052426,0.0,0.8188925895094757,0.04342038017207422,0.13768703031845003,0.04342038017207422,0.9565796201810721,0.015081481951243017,0.984918518048757
BE,1991,0.8188925895094757,0.18110741049052426,0.0,0.8188925895094757,0.04342038017207422,0.13768703031845003,0.04342038017207422,0.9565796201810721,0.015081481951243017,0.984918518048757
BE,1992,0.8188925895094757,0.18110741049052426,0.0,0.8188925895094757,0.04342038017207422,0.13768703031845003,0.04342038017207422,0.9565796201810721,0.015081481951243017,0.984918518048757
BE,1993,0.8188925895094757,0.18110741049052426,0.0,0.8188925895094757,0.04342038017207422,0.13768703031845003,0.04342038017207422,0.9565796201810721,0.015081481951243017,0.984918518048757
BE,1994,0.8188925895094757,0.18110741049052426,0.0,0.8188925895094757,0.04342038017207422,0.13768703031845003,0.04342038017207422,0.9565796201810721,0.015081481951243017,0.984918518048757
BE,1995,0.8188925895094757,0.18110741049052426,0.0,0.8188925895094757,0.04342038017207422,0.13768703031845003,0.04342038017207422,0.9565796201810721,0.015081481951243017,0.984918518048757
BE,1996,0.8188925895094757,0.18110741049052426,0.0,0.8188925895094757,0.04342038017207422,0.13768703031845003,0.04342038017207422,0.9565796201810721,0.015081481951243017,0.984918518048757
BE,1997,0.8188925895094757,0.18110741049052426,0.0,0.8188925895094757,0.04342038017207422,0.13768703031845003,0.04342038017207422,0.9565796201810721,0.015081481951243017,0.984918518048757
BE,1998,0.8188925895094757,0.18110741049052426,0.0,0.8188925895094757,0.04342038017207422,0.13768703031845003,0.04342038017207422,0.9565796201810721,0.015081481951243017,0.984918518048757
BE,1999,0.8188925895094757,0.18110741049052426,0.0,0.8188925895094757,0.04342038017207422,0.13768703031845003,0.04342038017207422,0.9565796201810721,0.015081481951243017,0.984918518048757
BE,2000,0.8188925895094757,0.18110741049052426,0.0,0.8188925895094757,0.04342038017207422,0.13768703031845003,0.04342038017207422,0.9565796201810721,0.015081481951243017,0.984918518048757
BE,2001,0.8188925895094757,0.18110741049052426,0.0,0.8188925895094757,0.04342038017207422,0.13768703031845003,0.04342038017207422,0.9565796201810721,0.015081481951243017,0.984918518048757
BE,2002,0.8188925895094757,0.18110741049052426,0.0,0.8188925895094757,0.04342038017207422,0.13768703031845003,0.04342038017207422,0.9565796201810721,0.015081481951243017,0.984918518048757
BE,2003,0.8188925895094757,0.18110741049052426,0.0,0.8188925895094757,0.04342038017207422,0.13768703031845003,0.04342038017207422,0.9565796201810721,0.015081481951243017,0.984918518048757
BE,2004,0.8188925895094757,0.18110741049052426,0.0,0.8188925895094757,0.04342038017207422,0.13768703031845003,0.04342038017207422,0.9565796201810721,0.015081481951243017,0.984918518048757
BE,2005,0.8188925895094757,0.18110741049052426,0.0,0.8188925895094757,0.04342038017207422,0.13768703031845003,0.04342038017207422,0.9565796201810721,0.015081481951243017,0.984918518048757
BE,2006,0.8188925895094757,0.18110741049052426,0.0,0.8188925895094757,0.04342038017207422,0.13768703031845003,0.04342038017207422,0.9565796201810721,0.015081481951243017,0.984918518048757
BE,2007,0.8188925895094757,0.18110741049052426,0.0,0.8188925895094757,0.04342038017207422,0.13768703031845003,0.04342038017207422,0.9565796201810721,0.015081481951243017,0.984918518048757
BE,2008,0.8188925895094757,0.18110741049052426,0.0,0.8188925895094757,0.04342038017207422,0.13768703031845003,0.04342038017207422,0.9565796201810721,0.015081481951243017,0.984918518048757
BE,2009,0.8188925895094757,0.18110741049052426,0.0,0.8188925895094757,0.04342038017207422,0.13768703031845003,0.04342038017207422,0.9565796201810721,0.015081481951243017,0.984918518048757
BE,2010,0.8188925895094757,0.18110741049052426,0.0,0.8188925895094757,0.04342038017207422,0.13768703031845003,0.04342038017207422,0.9565796201810721,0.015081481951243017,0.984918518048757
BE,2011,0.8188925895094757,0.18110741049052426,0.0,0.8188925895094757,0.04342038017207422,0.13768703031845003,0.04342038017207422,0.9565796201810721,0.015081481951243017,0.984918518048757
BE,2012,0.8188925895094757,0.18110741049052426,0.0,0.8188925895094757,0.04342038017207422,0.13768703031845003,0.04342038017207422,0.9565796201810721,0.015081481951243017,0.984918518048757
BE,2013,0.8188925895094757,0.18110741049052426,0.0,0.8188925895094757,0.04342038017207422,0.13768703031845003,0.04342038017207422,0.9565796201810721,0.015081481951243017,0.984918518048757
BE,2014,0.8188925895094757,0.18110741049052426,0.0,0.8188925895094757,0.04342038017207422,0.13768703031845003,0.04342038017207422,0.9565796201810721,0.015081481951243017,0.984918518048757
BE,2015,0.8188925895094757,0.18110741049052426,0.0,0.8188925895094757,0.04342038017207422,0.13768703031845003,0.04342038017207422,0.9565796201810721,0.015081481951243017,0.984918518048757
BE,2016,0.8188925895094757,0.18110741049052426,0.0,0.8188925895094757,0.04342038017207422,0.13768703031845003,0.04342038017207422,0.9565796201810721,0.015081481951243017,0.984918518048757
BE,2017,0.8188925895094757,0.18110741049052426,0.0,0.8188925895094757,0.04342038017207422,0.13768703031845003,0.04342038017207422,0.9565796201810721,0.015081481951243017,0.984918518048757
BE,2018,0.8188925895094757,0.18110741049052426,0.0,0.8188925895094757,0.04342038017207422,0.13768703031845003,0.04342038017207422,0.9565796201810721,0.015081481951243017,0.984918518048757
BE,2019,0.8188925895094757,0.18110741049052426,0.0,0.8188925895094757,0.04342038017207422,0.13768703031845003,0.04342038017207422,0.9565796201810721,0.015081481951243017,0.984918518048757
BE,2020,0.8188925895094757,0.18110741049052426,0.0,0.8188925895094757,0.04342038017207422,0.13768703031845003,0.04342038017207422,0.9565796201810721,0.015081481951243017,0.984918518048757
BE,2021,0.8188925895094757,0.18110741049052426,0.0,0.8188925895094757,0.04342038017207422,0.13768703031845003,0.04342038017207422,0.9565796201810721,0.015081481951243017,0.984918518048757
BG,1990,0.9894557218710546,0.010544278128945378,0.02937123070082027,0.9600844911702344,0.008816203444304165,0.001728074684641215,0.03818743414512443,0.9618125658548755,0.5155993536726339,0.48440064632736607
BG,1991,0.9894557218710546,0.010544278128945378,0.02937123070082027,0.9600844911702344,0.008816203444304165,0.001728074684641215,0.03818743414512443,0.9618125658548755,0.5155993536726339,0.48440064632736607
BG,1992,0.9894557218710546,0.010544278128945378,0.02937123070082027,0.9600844911702344,0.008816203444304165,0.001728074684641215,0.03818743414512443,0.9618125658548755,0.5155993536726339,0.48440064632736607
BG,1993,0.9894557218710546,0.010544278128945378,0.02937123070082027,0.9600844911702344,0.008816203444304165,0.001728074684641215,0.03818743414512443,0.9618125658548755,0.5155993536726339,0.48440064632736607
BG,1994,0.9894557218710546,0.010544278128945378,0.02937123070082027,0.9600844911702344,0.008816203444304165,0.001728074684641215,0.03818743414512443,0.9618125658548755,0.5155993536726339,0.48440064632736607
BG,1995,0.9894557218710546,0.010544278128945378,0.02937123070082027,0.9600844911702344,0.008816203444304165,0.001728074684641215,0.03818743414512443,0.9618125658548755,0.5155993536726339,0.48440064632736607
BG,1996,0.9894557218710546,0.010544278128945378,0.02937123070082027,0.9600844911702344,0.008816203444304165,0.001728074684641215,0.03818743414512443,0.9618125658548755,0.5155993536726339,0.48440064632736607
BG,1997,0.9894557218710546,0.010544278128945378,0.02937123070082027,0.9600844911702344,0.008816203444304165,0.001728074684641215,0.03818743414512443,0.9618125658548755,0.5155993536726339,0.48440064632736607
BG,1998,0.9894557218710546,0.010544278128945378,0.02937123070082027,0.9600844911702344,0.008816203444304165,0.001728074684641215,0.03818743414512443,0.9618125658548755,0.5155993536726339,0.48440064632736607
BG,1999,0.9894557218710546,0.010544278128945378,0.02937123070082027,0.9600844911702344,0.008816203444304165,0.001728074684641215,0.03818743414512443,0.9618125658548755,0.5155993536726339,0.48440064632736607
BG,2000,0.9894557218710546,0.010544278128945378,0.02937123070082027,0.9600844911702344,0.008816203444304165,0.001728074684641215,0.03818743414512443,0.9618125658548755,0.5155993536726339,0.48440064632736607
BG,2001,0.9894557218710546,0.010544278128945378,0.02937123070082027,0.9600844911702344,0.008816203444304165,0.001728074684641215,0.03818743414512443,0.9618125658548755,0.5155993536726339,0.48440064632736607
BG,2002,0.9894557218710546,0.010544278128945378,0.02937123070082027,0.9600844911702344,0.008816203444304165,0.001728074684641215,0.03818743414512443,0.9618125658548755,0.5155993536726339,0.48440064632736607
BG,2003,0.9894557218710546,0.010544278128945378,0.02937123070082027,0.9600844911702344,0.008816203444304165,0.001728074684641215,0.03818743414512443,0.9618125658548755,0.5155993536726339,0.48440064632736607
BG,2004,0.9894557218710546,0.010544278128945378,0.02937123070082027,0.9600844911702344,0.008816203444304165,0.001728074684641215,0.03818743414512443,0.9618125658548755,0.5155993536726339,0.48440064632736607
BG,2005,0.9894557218710546,0.010544278128945378,0.02937123070082027,0.9600844911702344,0.008816203444304165,0.001728074684641215,0.03818743414512443,0.9618125658548755,0.5155993536726339,0.48440064632736607
BG,2006,0.9894557218710546,0.010544278128945378,0.02937123070082027,0.9600844911702344,0.008816203444304165,0.001728074684641215,0.03818743414512443,0.9618125658548755,0.5155993536726339,0.48440064632736607
BG,2007,0.9894557218710546,0.010544278128945378,0.02937123070082027,0.9600844911702344,0.008816203444304165,0.001728074684641215,0.03818743414512443,0.9618125658548755,0.5155993536726339,0.48440064632736607
BG,2008,0.9894557218710546,0.010544278128945378,0.02937123070082027,0.9600844911702344,0.008816203444304165,0.001728074684641215,0.03818743414512443,0.9618125658548755,0.5155993536726339,0.48440064632736607
BG,2009,0.9894557218710546,0.010544278128945378,0.02937123070082027,0.9600844911702344,0.008816203444304165,0.001728074684641215,0.03818743414512443,0.9618125658548755,0.5155993536726339,0.48440064632736607
BG,2010,0.9894557218710546,0.010544278128945378,0.02937123070082027,0.9600844911702344,0.008816203444304165,0.001728074684641215,0.03818743414512443,0.9618125658548755,0.5155993536726339,0.48440064632736607
BG,2011,0.9894557218710546,0.010544278128945378,0.02937123070082027,0.9600844911702344,0.008816203444304165,0.001728074684641215,0.03818743414512443,0.9618125658548755,0.5155993536726339,0.48440064632736607
BG,2012,0.9894557218710546,0.010544278128945378,0.02937123070082027,0.9600844911702344,0.008816203444304165,0.001728074684641215,0.03818743414512443,0.9618125658548755,0.5155993536726339,0.48440064632736607
BG,2013,0.9894557218710546,0.010544278128945378,0.02937123070082027,0.9600844911702344,0.008816203444304165,0.001728074684641215,0.03818743414512443,0.9618125658548755,0.5155993536726339,0.48440064632736607
BG,2014,0.9894557218710546,0.010544278128945378,0.02937123070082027,0.9600844911702344,0.008816203444304165,0.001728074684641215,0.03818743414512443,0.9618125658548755,0.5155993536726339,0.48440064632736607
BG,2015,0.9894557218710546,0.010544278128945378,0.02937123070082027,0.9600844911702344,0.008816203444304165,0.001728074684641215,0.03818743414512443,0.9618125658548755,0.5155993536726339,0.48440064632736607
BG,2016,0.9894557218710546,0.010544278128945378,0.02937123070082027,0.9600844911702344,0.008816203444304165,0.001728074684641215,0.03818743414512443,0.9618125658548755,0.5155993536726339,0.48440064632736607
BG,2017,0.9894557218710546,0.010544278128945378,0.02937123070082027,0.9600844911702344,0.008816203444304165,0.001728074684641215,0.03818743414512443,0.9618125658548755,0.5155993536726339,0.48440064632736607
BG,2018,0.9894557218710546,0.010544278128945378,0.02937123070082027,0.9600844911702344,0.008816203444304165,0.001728074684641215,0.03818743414512443,0.9618125658548755,0.5155993536726339,0.48440064632736607
BG,2019,0.9894557218710546,0.010544278128945378,0.02937123070082027,0.9600844911702344,0.008816203444304165,0.001728074684641215,0.03818743414512443,0.9618125658548755,0.5155993536726339,0.48440064632736607
BG,2020,0.9894557218710546,0.010544278128945378,0.02937123070082027,0.9600844911702344,0.008816203444304165,0.001728074684641215,0.03818743414512443,0.9618125658548755,0.5155993536726339,0.48440064632736607
BG,2021,0.9894557218710546,0.010544278128945378,0.02937123070082027,0.9600844911702344,0.008816203444304165,0.001728074684641215,0.03818743414512443,0.9618125658548755,0.5155993536726339,0.48440064632736607
CH,2010,0.9066912895231937,0.0933087104768064,0.03275562047898246,0.8739356689998217,0.0030027026046958918,0.09030600787211052,0.035758323083678344,0.964241677005101,1.0,0.0
CH,2011,0.9066912895231937,0.0933087104768064,0.03275562047898246,0.8739356689998217,0.0030027026046958918,0.09030600787211052,0.035758323083678344,0.964241677005101,1.0,0.0
CH,2012,0.9066912895231937,0.0933087104768064,0.03275562047898246,0.8739356689998217,0.0030027026046958918,0.09030600787211052,0.035758323083678344,0.964241677005101,1.0,0.0
CH,2013,0.9066912895231937,0.0933087104768064,0.03275562047898246,0.8739356689998217,0.0030027026046958918,0.09030600787211052,0.035758323083678344,0.964241677005101,1.0,0.0
CH,2014,0.9066912895231937,0.0933087104768064,0.03275562047898246,0.8739356689998217,0.0030027026046958918,0.09030600787211052,0.035758323083678344,0.964241677005101,1.0,0.0
CH,2015,0.9066912895231937,0.0933087104768064,0.03275562047898246,0.8739356689998217,0.0030027026046958918,0.09030600787211052,0.035758323083678344,0.964241677005101,1.0,0.0
CH,2016,0.9066912895231937,0.0933087104768064,0.03275562047898246,0.8739356689998217,0.0030027026046958918,0.09030600787211052,0.035758323083678344,0.964241677005101,1.0,0.0
CH,2017,0.9066912895231937,0.0933087104768064,0.03275562047898246,0.8739356689998217,0.0030027026046958918,0.09030600787211052,0.035758323083678344,0.964241677005101,1.0,0.0
CH,2018,0.9066912895231937,0.0933087104768064,0.03275562047898246,0.8739356689998217,0.0030027026046958918,0.09030600787211052,0.035758323083678344,0.964241677005101,1.0,0.0
CH,2019,0.9066912895231937,0.0933087104768064,0.03275562047898246,0.8739356689998217,0.0030027026046958918,0.09030600787211052,0.035758323083678344,0.964241677005101,1.0,0.0
CH,2020,0.9066912895231937,0.0933087104768064,0.03275562047898246,0.8739356689998217,0.0030027026046958918,0.09030600787211052,0.035758323083678344,0.964241677005101,1.0,0.0
CH,2021,0.9066912895231937,0.0933087104768064,0.03275562047898246,0.8739356689998217,0.0030027026046958918,0.09030600787211052,0.035758323083678344,0.964241677005101,1.0,0.0
CH,2022,0.9066912895231937,0.0933087104768064,0.03275562047898246,0.8739356689998217,0.0030027026046958918,0.09030600787211052,0.035758323083678344,0.964241677005101,1.0,0.0
CZ,1990,0.9502858822666295,0.0497141177333705,0.10206313954671539,0.8702639376759469,0.02945968487001506,0.020254432679021467,0.13152282441673047,0.8905183703549683,1.0,0.0
CZ,1991,0.9502858822666295,0.0497141177333705,0.10206313954671539,0.8702639376759469,0.02945968487001506,0.020254432679021467,0.13152282441673047,0.8905183703549683,1.0,0.0
CZ,1992,0.9502858822666295,0.0497141177333705,0.10206313954671539,0.8702639376759469,0.02945968487001506,0.020254432679021467,0.13152282441673047,0.8905183703549683,1.0,0.0
CZ,1993,0.9502858822666295,0.0497141177333705,0.10206313954671539,0.8702639376759469,0.02945968487001506,0.020254432679021467,0.13152282441673047,0.8905183703549683,1.0,0.0
CZ,1994,0.9502858822666295,0.0497141177333705,0.10206313954671539,0.8702639376759469,0.02945968487001506,0.020254432679021467,0.13152282441673047,0.8905183703549683,1.0,0.0
CZ,1995,0.9502858822666295,0.0497141177333705,0.10206313954671539,0.8702639376759469,0.02945968487001506,0.020254432679021467,0.13152282441673047,0.8905183703549683,1.0,0.0
CZ,1996,0.9502858822666295,0.0497141177333705,0.10206313954671539,0.8702639376759469,0.02945968487001506,0.020254432679021467,0.13152282441673047,0.8905183703549683,1.0,0.0
CZ,1997,0.9502858822666295,0.0497141177333705,0.10206313954671539,0.8702639376759469,0.02945968487001506,0.020254432679021467,0.13152282441673047,0.8905183703549683,1.0,0.0
CZ,1998,0.9502858822666295,0.0497141177333705,0.10206313954671539,0.8702639376759469,0.02945968487001506,0.020254432679021467,0.13152282441673047,0.8905183703549683,1.0,0.0
CZ,1999,0.9502858822666295,0.0497141177333705,0.10206313954671539,0.8702639376759469,0.02945968487001506,0.020254432679021467,0.13152282441673047,0.8905183703549683,1.0,0.0
CZ,2000,0.9502858822666295,0.0497141177333705,0.10206313954671539,0.8702639376759469,0.02945968487001506,0.020254432679021467,0.13152282441673047,0.8905183703549683,1.0,0.0
CZ,2001,0.9502858822666295,0.0497141177333705,0.10206313954671539,0.8702639376759469,0.02945968487001506,0.020254432679021467,0.13152282441673047,0.8905183703549683,1.0,0.0
CZ,2002,0.9502858822666295,0.0497141177333705,0.10206313954671539,0.8702639376759469,0.02945968487001506,0.020254432679021467,0.13152282441673047,0.8905183703549683,1.0,0.0
CZ,2003,0.9502858822666295,0.0497141177333705,0.10206313954671539,0.8702639376759469,0.02945968487001506,0.020254432679021467,0.13152282441673047,0.8905183703549683,1.0,0.0
CZ,2004,0.9502858822666295,0.0497141177333705,0.10206313954671539,0.8702639376759469,0.02945968487001506,0.020254432679021467,0.13152282441673047,0.8905183703549683,1.0,0.0
CZ,2005,0.9502858822666295,0.0497141177333705,0.10206313954671539,0.8702639376759469,0.02945968487001506,0.020254432679021467,0.13152282441673047,0.8905183703549683,1.0,0.0
CZ,2006,0.9502858822666295,0.0497141177333705,0.10206313954671539,0.8702639376759469,0.02945968487001506,0.020254432679021467,0.13152282441673047,0.8905183703549683,1.0,0.0
CZ,2007,0.9502858822666295,0.0497141177333705,0.10206313954671539,0.8702639376759469,0.02945968487001506,0.020254432679021467,0.13152282441673047,0.8905183703549683,1.0,0.0
CZ,2008,0.9502858822666295,0.0497141177333705,0.10206313954671539,0.8702639376759469,0.02945968487001506,0.020254432679021467,0.13152282441673047,0.8905183703549683,1.0,0.0
CZ,2009,0.9502858822666295,0.0497141177333705,0.10206313954671539,0.8702639376759469,0.02945968487001506,0.020254432679021467,0.13152282441673047,0.8905183703549683,1.0,0.0
CZ,2010,0.9502858822666295,0.0497141177333705,0.10206313954671539,0.8702639376759469,0.02945968487001506,0.020254432679021467,0.13152282441673047,0.8905183703549683,1.0,0.0
CZ,2011,0.9502858822666295,0.0497141177333705,0.10206313954671539,0.8702639376759469,0.02945968487001506,0.020254432679021467,0.13152282441673047,0.8905183703549683,1.0,0.0
CZ,2012,0.9502858822666295,0.0497141177333705,0.10206313954671539,0.8702639376759469,0.02945968487001506,0.020254432679021467,0.13152282441673047,0.8905183703549683,1.0,0.0
CZ,2013,0.9502858822666295,0.0497141177333705,0.10206313954671539,0.8702639376759469,0.02945968487001506,0.020254432679021467,0.13152282441673047,0.8905183703549683,1.0,0.0
CZ,2014,0.9502858822666295,0.0497141177333705,0.10206313954671539,0.8702639376759469,0.02945968487001506,0.020254432679021467,0.13152282441673047,0.8905183703549683,1.0,0.0
CZ,2015,0.9502858822666295,0.0497141177333705,0.10206313954671539,0.8702639376759469,0.02945968487001506,0.020254432679021467,0.13152282441673047,0.8905183703549683,1.0,0.0
CZ,2016,0.9502858822666295,0.0497141177333705,0.10206313954671539,0.8702639376759469,0.02945968487001506,0.020254432679021467,0.13152282441673047,0.8905183703549683,1.0,0.0
CZ,2017,0.9502858822666295,0.0497141177333705,0.10206313954671539,0.8702639376759469,0.02945968487001506,0.020254432679021467,0.13152282441673047,0.8905183703549683,1.0,0.0
CZ,2018,0.9502858822666295,0.0497141177333705,0.10206313954671539,0.8702639376759469,0.02945968487001506,0.020254432679021467,0.13152282441673047,0.8905183703549683,1.0,0.0
CZ,2019,0.9502858822666295,0.0497141177333705,0.10206313954671539,0.8702639376759469,0.02945968487001506,0.020254432679021467,0.13152282441673047,0.8905183703549683,1.0,0.0
CZ,2020,0.9502858822666295,0.0497141177333705,0.10206313954671539,0.8702639376759469,0.02945968487001506,0.020254432679021467,0.13152282441673047,0.8905183703549683,1.0,0.0
CZ,2021,0.9502858822666295,0.0497141177333705,0.10206313954671539,0.8702639376759469,0.02945968487001506,0.020254432679021467,0.13152282441673047,0.8905183703549683,1.0,0.0
DE,1990,0.8756111945413476,0.12438880545865244,0.0697886639323483,0.808091820919754,0.015538190179026433,0.10885061534529288,0.08532685412779145,0.916942436018796,0.16522828113221424,0.8347717188677858
DE,1991,0.8756111945413476,0.12438880545865244,0.0697886639323483,0.808091820919754,0.015538190179026433,0.10885061534529288,0.08532685412779145,0.916942436018796,0.16522828113221424,0.8347717188677858
DE,1992,0.8756111945413476,0.12438880545865244,0.0697886639323483,0.808091820919754,0.015538190179026433,0.10885061534529288,0.08532685412779145,0.916942436018796,0.16522828113221424,0.8347717188677858
DE,1993,0.8756111945413476,0.12438880545865244,0.0697886639323483,0.808091820919754,0.015538190179026433,0.10885061534529288,0.08532685412779145,0.916942436018796,0.16522828113221424,0.8347717188677858
DE,1994,0.8756111945413476,0.12438880545865244,0.0697886639323483,0.808091820919754,0.015538190179026433,0.10885061534529288,0.08532685412779145,0.916942436018796,0.16522828113221424,0.8347717188677858
DE,1995,0.8756111945413476,0.12438880545865244,0.0697886639323483,0.808091820919754,0.015538190179026433,0.10885061534529288,0.08532685412779145,0.916942436018796,0.16522828113221424,0.8347717188677858
DE,1996,0.8756111945413476,0.12438880545865244,0.0697886639323483,0.808091820919754,0.015538190179026433,0.10885061534529288,0.08532685412779145,0.916942436018796,0.16522828113221424,0.8347717188677858
DE,1997,0.8756111945413476,0.12438880545865244,0.0697886639323483,0.808091820919754,0.015538190179026433,0.10885061534529288,0.08532685412779145,0.916942436018796,0.16522828113221424,0.8347717188677858
DE,1998,0.8756111945413476,0.12438880545865244,0.0697886639323483,0.808091820919754,0.015538190179026433,0.10885061534529288,0.08532685412779145,0.916942436018796,0.16522828113221424,0.8347717188677858
DE,1999,0.8756111945413476,0.12438880545865244,0.0697886639323483,0.808091820919754,0.015538190179026433,0.10885061534529288,0.08532685412779145,0.916942436018796,0.16522828113221424,0.8347717188677858
DE,2000,0.8756111945413476,0.12438880545865244,0.0697886639323483,0.808091820919754,0.015538190179026433,0.10885061534529288,0.08532685412779145,0.916942436018796,0.16522828113221424,0.8347717188677858
DE,2001,0.8756111945413476,0.12438880545865244,0.0697886639323483,0.808091820919754,0.015538190179026433,0.10885061534529288,0.08532685412779145,0.916942436018796,0.16522828113221424,0.8347717188677858
DE,2002,0.8756111945413476,0.12438880545865244,0.0697886639323483,0.808091820919754,0.015538190179026433,0.10885061534529288,0.08532685412779145,0.916942436018796,0.16522828113221424,0.8347717188677858
DE,2003,0.8756111945413476,0.12438880545865244,0.0697886639323483,0.808091820919754,0.015538190179026433,0.10885061534529288,0.08532685412779145,0.916942436018796,0.16522828113221424,0.8347717188677858
DE,2004,0.8756111945413476,0.12438880545865244,0.0697886639323483,0.808091820919754,0.015538190179026433,0.10885061534529288,0.08532685412779145,0.916942436018796,0.16522828113221424,0.8347717188677858
DE,2005,0.8756111945413476,0.12438880545865244,0.0697886639323483,0.808091820919754,0.015538190179026433,0.10885061534529288,0.08532685412779145,0.916942436018796,0.16522828113221424,0.8347717188677858
DE,2006,0.8756111945413476,0.12438880545865244,0.0697886639323483,0.808091820919754,0.015538190179026433,0.10885061534529288,0.08532685412779145,0.916942436018796,0.16522828113221424,0.8347717188677858
DE,2007,0.8756111945413476,0.12438880545865244,0.0697886639323483,0.808091820919754,0.015538190179026433,0.10885061534529288,0.08532685412779145,0.916942436018796,0.16522828113221424,0.8347717188677858
DE,2008,0.8756111945413476,0.12438880545865244,0.0697886639323483,0.808091820919754,0.015538190179026433,0.10885061534529288,0.08532685412779145,0.916942436018796,0.16522828113221424,0.8347717188677858
DE,2009,0.8756111945413476,0.12438880545865244,0.0697886639323483,0.808091820919754,0.015538190179026433,0.10885061534529288,0.08532685412779145,0.916942436018796,0.16522828113221424,0.8347717188677858
DE,2010,0.8756111945413476,0.12438880545865244,0.0697886639323483,0.808091820919754,0.015538190179026433,0.10885061534529288,0.08532685412779145,0.916942436018796,0.16522828113221424,0.8347717188677858
DE,2011,0.8756111945413476,0.12438880545865244,0.0697886639323483,0.808091820919754,0.015538190179026433,0.10885061534529288,0.08532685412779145,0.916942436018796,0.16522828113221424,0.8347717188677858
DE,2012,0.8756111945413476,0.12438880545865244,0.0697886639323483,0.808091820919754,0.015538190179026433,0.10885061534529288,0.08532685412779145,0.916942436018796,0.16522828113221424,0.8347717188677858
DE,2013,0.8756111945413476,0.12438880545865244,0.0697886639323483,0.808091820919754,0.015538190179026433,0.10885061534529288,0.08532685412779145,0.916942436018796,0.16522828113221424,0.8347717188677858
DE,2014,0.8756111945413476,0.12438880545865244,0.0697886639323483,0.808091820919754,0.015538190179026433,0.10885061534529288,0.08532685412779145,0.916942436018796,0.16522828113221424,0.8347717188677858
DE,2015,0.8756111945413476,0.12438880545865244,0.0697886639323483,0.808091820919754,0.015538190179026433,0.10885061534529288,0.08532685412779145,0.916942436018796,0.16522828113221424,0.8347717188677858
DE,2016,0.8756111945413476,0.12438880545865244,0.0697886639323483,0.808091820919754,0.015538190179026433,0.10885061534529288,0.08532685412779145,0.916942436018796,0.16522828113221424,0.8347717188677858
DE,2017,0.8756111945413476,0.12438880545865244,0.0697886639323483,0.808091820919754,0.015538190179026433,0.10885061534529288,0.08532685412779145,0.916942436018796,0.16522828113221424,0.8347717188677858
DE,2018,0.8756111945413476,0.12438880545865244,0.0697886639323483,0.808091820919754,0.015538190179026433,0.10885061534529288,0.08532685412779145,0.916942436018796,0.16522828113221424,0.8347717188677858
DE,2019,0.8756111945413476,0.12438880545865244,0.0697886639323483,0.808091820919754,0.015538190179026433,0.10885061534529288,0.08532685412779145,0.916942436018796,0.16522828113221424,0.8347717188677858
DE,2020,0.8756111945413476,0.12438880545865244,0.0697886639323483,0.808091820919754,0.015538190179026433,0.10885061534529288,0.08532685412779145,0.916942436018796,0.16522828113221424,0.8347717188677858
DE,2021,0.8756111945413476,0.12438880545865244,0.0697886639323483,0.808091820919754,0.015538190179026433,0.10885061534529288,0.08532685412779145,0.916942436018796,0.16522828113221424,0.8347717188677858
DK,1990,0.9697734230020614,0.030226576997938587,0.029502519857030507,0.940287759424553,0.009763755238143136,0.02046282175979545,0.03926627509517364,0.9607505811843484,0.14099162834665524,0.8590083716533449
DK,1991,0.9697734230020614,0.030226576997938587,0.029502519857030507,0.940287759424553,0.009763755238143136,0.02046282175979545,0.03926627509517364,0.9607505811843484,0.14099162834665524,0.8590083716533449
DK,1992,0.9697734230020614,0.030226576997938587,0.029502519857030507,0.940287759424553,0.009763755238143136,0.02046282175979545,0.03926627509517364,0.9607505811843484,0.14099162834665524,0.8590083716533449
DK,1993,0.9697734230020614,0.030226576997938587,0.029502519857030507,0.940287759424553,0.009763755238143136,0.02046282175979545,0.03926627509517364,0.9607505811843484,0.14099162834665524,0.8590083716533449
DK,1994,0.9697734230020614,0.030226576997938587,0.029502519857030507,0.940287759424553,0.009763755238143136,0.02046282175979545,0.03926627509517364,0.9607505811843484,0.14099162834665524,0.8590083716533449
DK,1995,0.9697734230020614,0.030226576997938587,0.029502519857030507,0.940287759424553,0.009763755238143136,0.02046282175979545,0.03926627509517364,0.9607505811843484,0.14099162834665524,0.8590083716533449
DK,1996,0.9697734230020614,0.030226576997938587,0.029502519857030507,0.940287759424553,0.009763755238143136,0.02046282175979545,0.03926627509517364,0.9607505811843484,0.14099162834665524,0.8590083716533449
DK,1997,0.9697734230020614,0.030226576997938587,0.029502519857030507,0.940287759424553,0.009763755238143136,0.02046282175979545,0.03926627509517364,0.9607505811843484,0.14099162834665524,0.8590083716533449
DK,1998,0.9697734230020614,0.030226576997938587,0.029502519857030507,0.940287759424553,0.009763755238143136,0.02046282175979545,0.03926627509517364,0.9607505811843484,0.14099162834665524,0.8590083716533449
DK,1999,0.9697734230020614,0.030226576997938587,0.029502519857030507,0.940287759424553,0.009763755238143136,0.02046282175979545,0.03926627509517364,0.9607505811843484,0.14099162834665524,0.8590083716533449
DK,2000,0.9697734230020614,0.030226576997938587,0.029502519857030507,0.940287759424553,0.009763755238143136,0.02046282175979545,0.03926627509517364,0.9607505811843484,0.14099162834665524,0.8590083716533449
DK,2001,0.9697734230020614,0.030226576997938587,0.029502519857030507,0.940287759424553,0.009763755238143136,0.02046282175979545,0.03926627509517364,0.9607505811843484,0.14099162834665524,0.8590083716533449
DK,2002,0.9697734230020614,0.030226576997938587,0.029502519857030507,0.940287759424553,0.009763755238143136,0.02046282175979545,0.03926627509517364,0.9607505811843484,0.14099162834665524,0.8590083716533449
DK,2003,0.9697734230020614,0.030226576997938587,0.029502519857030507,0.940287759424553,0.009763755238143136,0.02046282175979545,0.03926627509517364,0.9607505811843484,0.14099162834665524,0.8590083716533449
DK,2004,0.9697734230020614,0.030226576997938587,0.029502519857030507,0.940287759424553,0.009763755238143136,0.02046282175979545,0.03926627509517364,0.9607505811843484,0.14099162834665524,0.8590083716533449
DK,2005,0.9697734230020614,0.030226576997938587,0.029502519857030507,0.940287759424553,0.009763755238143136,0.02046282175979545,0.03926627509517364,0.9607505811843484,0.14099162834665524,0.8590083716533449
DK,2006,0.9697734230020614,0.030226576997938587,0.029502519857030507,0.940287759424553,0.009763755238143136,0.02046282175979545,0.03926627509517364,0.9607505811843484,0.14099162834665524,0.8590083716533449
DK,2007,0.9697734230020614,0.030226576997938587,0.029502519857030507,0.940287759424553,0.009763755238143136,0.02046282175979545,0.03926627509517364,0.9607505811843484,0.14099162834665524,0.8590083716533449
DK,2008,0.9697734230020614,0.030226576997938587,0.029502519857030507,0.940287759424553,0.009763755238143136,0.02046282175979545,0.03926627509517364,0.9607505811843484,0.14099162834665524,0.8590083716533449
DK,2009,0.9697734230020614,0.030226576997938587,0.029502519857030507,0.940287759424553,0.009763755238143136,0.02046282175979545,0.03926627509517364,0.9607505811843484,0.14099162834665524,0.8590083716533449
DK,2010,0.9697734230020614,0.030226576997938587,0.029502519857030507,0.940287759424553,0.009763755238143136,0.02046282175979545,0.03926627509517364,0.9607505811843484,0.14099162834665524,0.8590083716533449
DK,2011,0.9697734230020614,0.030226576997938587,0.029502519857030507,0.940287759424553,0.009763755238143136,0.02046282175979545,0.03926627509517364,0.9607505811843484,0.14099162834665524,0.8590083716533449
DK,2012,0.9697734230020614,0.030226576997938587,0.029502519857030507,0.940287759424553,0.009763755238143136,0.02046282175979545,0.03926627509517364,0.9607505811843484,0.14099162834665524,0.8590083716533449
DK,2013,0.9697734230020614,0.030226576997938587,0.029502519857030507,0.940287759424553,0.009763755238143136,0.02046282175979545,0.03926627509517364,0.9607505811843484,0.14099162834665524,0.8590083716533449
DK,2014,0.9697734230020614,0.030226576997938587,0.029502519857030507,0.940287759424553,0.009763755238143136,0.02046282175979545,0.03926627509517364,0.9607505811843484,0.14099162834665524,0.8590083716533449
DK,2015,0.9697734230020614,0.030226576997938587,0.029502519857030507,0.940287759424553,0.009763755238143136,0.02046282175979545,0.03926627509517364,0.9607505811843484,0.14099162834665524,0.8590083716533449
DK,2016,0.9697734230020614,0.030226576997938587,0.029502519857030507,0.940287759424553,0.009763755238143136,0.02046282175979545,0.03926627509517364,0.9607505811843484,0.14099162834665524,0.8590083716533449
DK,2017,0.9697734230020614,0.030226576997938587,0.029502519857030507,0.940287759424553,0.009763755238143136,0.02046282175979545,0.03926627509517364,0.9607505811843484,0.14099162834665524,0.8590083716533449
DK,2018,0.9697734230020614,0.030226576997938587,0.029502519857030507,0.940287759424553,0.009763755238143136,0.02046282175979545,0.03926627509517364,0.9607505811843484,0.14099162834665524,0.8590083716533449
DK,2019,0.9697734230020614,0.030226576997938587,0.029502519857030507,0.940287759424553,0.009763755238143136,0.02046282175979545,0.03926627509517364,0.9607505811843484,0.14099162834665524,0.8590083716533449
DK,2020,0.9697734230020614,0.030226576997938587,0.029502519857030507,0.940287759424553,0.009763755238143136,0.02046282175979545,0.03926627509517364,0.9607505811843484,0.14099162834665524,0.8590083716533449
DK,2021,0.9697734230020614,0.030226576997938587,0.029502519857030507,0.940287759424553,0.009763755238143136,0.02046282175979545,0.03926627509517364,0.9607505811843484,0.14099162834665524,0.8590083716533449
EE,1990,0.9890756183923055,0.010924381607694433,0.0,0.9890756183923055,0.01047122623741242,0.00045315537028201204,0.01047122623741242,0.9895287737625875,0.028498444585036607,0.9715015554149633
EE,1991,0.9890756183923055,0.010924381607694433,0.0,0.9890756183923055,0.01047122623741242,0.00045315537028201204,0.01047122623741242,0.9895287737625875,0.028498444585036607,0.9715015554149633
EE,1992,0.9890756183923055,0.010924381607694433,0.0,0.9890756183923055,0.01047122623741242,0.00045315537028201204,0.01047122623741242,0.9895287737625875,0.028498444585036607,0.9715015554149633
EE,1993,0.9890756183923055,0.010924381607694433,0.0,0.9890756183923055,0.01047122623741242,0.00045315537028201204,0.01047122623741242,0.9895287737625875,0.028498444585036607,0.9715015554149633
EE,1994,0.9890756183923055,0.010924381607694433,0.0,0.9890756183923055,0.01047122623741242,0.00045315537028201204,0.01047122623741242,0.9895287737625875,0.028498444585036607,0.9715015554149633
EE,1995,0.9890756183923055,0.010924381607694433,0.0,0.9890756183923055,0.01047122623741242,0.00045315537028201204,0.01047122623741242,0.9895287737625875,0.028498444585036607,0.9715015554149633
EE,1996,0.9890756183923055,0.010924381607694433,0.0,0.9890756183923055,0.01047122623741242,0.00045315537028201204,0.01047122623741242,0.9895287737625875,0.028498444585036607,0.9715015554149633
EE,1997,0.9890756183923055,0.010924381607694433,0.0,0.9890756183923055,0.01047122623741242,0.00045315537028201204,0.01047122623741242,0.9895287737625875,0.028498444585036607,0.9715015554149633
EE,1998,0.9890756183923055,0.010924381607694433,0.0,0.9890756183923055,0.01047122623741242,0.00045315537028201204,0.01047122623741242,0.9895287737625875,0.028498444585036607,0.9715015554149633
EE,1999,0.9890756183923055,0.010924381607694433,0.0,0.9890756183923055,0.01047122623741242,0.00045315537028201204,0.01047122623741242,0.9895287737625875,0.028498444585036607,0.9715015554149633
EE,2000,0.9890756183923055,0.010924381607694433,0.0,0.9890756183923055,0.01047122623741242,0.00045315537028201204,0.01047122623741242,0.9895287737625875,0.028498444585036607,0.9715015554149633
EE,2001,0.9890756183923055,0.010924381607694433,0.0,0.9890756183923055,0.01047122623741242,0.00045315537028201204,0.01047122623741242,0.9895287737625875,0.028498444585036607,0.9715015554149633
EE,2002,0.9890756183923055,0.010924381607694433,0.0,0.9890756183923055,0.01047122623741242,0.00045315537028201204,0.01047122623741242,0.9895287737625875,0.028498444585036607,0.9715015554149633
EE,2003,0.9890756183923055,0.010924381607694433,0.0,0.9890756183923055,0.01047122623741242,0.00045315537028201204,0.01047122623741242,0.9895287737625875,0.028498444585036607,0.9715015554149633
EE,2004,0.9890756183923055,0.010924381607694433,0.0,0.9890756183923055,0.01047122623741242,0.00045315537028201204,0.01047122623741242,0.9895287737625875,0.028498444585036607,0.9715015554149633
EE,2005,0.9890756183923055,0.010924381607694433,0.0,0.9890756183923055,0.01047122623741242,0.00045315537028201204,0.01047122623741242,0.9895287737625875,0.028498444585036607,0.9715015554149633
EE,2006,0.9890756183923055,0.010924381607694433,0.0,0.9890756183923055,0.01047122623741242,0.00045315537028201204,0.01047122623741242,0.9895287737625875,0.028498444585036607,0.9715015554149633
EE,2007,0.9890756183923055,0.010924381607694433,0.0,0.9890756183923055,0.01047122623741242,0.00045315537028201204,0.01047122623741242,0.9895287737625875,0.028498444585036607,0.9715015554149633
EE,2008,0.9890756183923055,0.010924381607694433,0.0,0.9890756183923055,0.01047122623741242,0.00045315537028201204,0.01047122623741242,0.9895287737625875,0.028498444585036607,0.9715015554149633
EE,2009,0.9890756183923055,0.010924381607694433,0.0,0.9890756183923055,0.01047122623741242,0.00045315537028201204,0.01047122623741242,0.9895287737625875,0.028498444585036607,0.9715015554149633
EE,2010,0.9890756183923055,0.010924381607694433,0.0,0.9890756183923055,0.01047122623741242,0.00045315537028201204,0.01047122623741242,0.9895287737625875,0.028498444585036607,0.9715015554149633
EE,2011,0.9890756183923055,0.010924381607694433,0.0,0.9890756183923055,0.01047122623741242,0.00045315537028201204,0.01047122623741242,0.9895287737625875,0.028498444585036607,0.9715015554149633
EE,2012,0.9890756183923055,0.010924381607694433,0.0,0.9890756183923055,0.01047122623741242,0.00045315537028201204,0.01047122623741242,0.9895287737625875,0.028498444585036607,0.9715015554149633
EE,2013,0.9890756183923055,0.010924381607694433,0.0,0.9890756183923055,0.01047122623741242,0.00045315537028201204,0.01047122623741242,0.9895287737625875,0.028498444585036607,0.9715015554149633
EE,2014,0.9890756183923055,0.010924381607694433,0.0,0.9890756183923055,0.01047122623741242,0.00045315537028201204,0.01047122623741242,0.9895287737625875,0.028498444585036607,0.9715015554149633
EE,2015,0.9890756183923055,0.010924381607694433,0.0,0.9890756183923055,0.01047122623741242,0.00045315537028201204,0.01047122623741242,0.9895287737625875,0.028498444585036607,0.9715015554149633
EE,2016,0.9890756183923055,0.010924381607694433,0.0,0.9890756183923055,0.01047122623741242,0.00045315537028201204,0.01047122623741242,0.9895287737625875,0.028498444585036607,0.9715015554149633
EE,2017,0.9890756183923055,0.010924381607694433,0.0,0.9890756183923055,0.01047122623741242,0.00045315537028201204,0.01047122623741242,0.9895287737625875,0.028498444585036607,0.9715015554149633
EE,2018,0.9890756183923055,0.010924381607694433,0.0,0.9890756183923055,0.01047122623741242,0.00045315537028201204,0.01047122623741242,0.9895287737625875,0.028498444585036607,0.9715015554149633
EE,2019,0.9890756183923055,0.010924381607694433,0.0,0.9890756183923055,0.01047122623741242,0.00045315537028201204,0.01047122623741242,0.9895287737625875,0.028498444585036607,0.9715015554149633
EE,2020,0.9890756183923055,0.010924381607694433,0.0,0.9890756183923055,0.01047122623741242,0.00045315537028201204,0.01047122623741242,0.9895287737625875,0.028498444585036607,0.9715015554149633
EE,2021,0.9890756183923055,0.010924381607694433,0.0,0.9890756183923055,0.01047122623741242,0.00045315537028201204,0.01047122623741242,0.9895287737625875,0.028498444585036607,0.9715015554149633
ES,1990,0.9824185539949822,0.017581446005017723,0.3272011691504771,0.6584635586619725,0.005923468533126567,0.011657977471891158,0.33312463771909084,0.6701215360510602,0.1262074493419329,0.873792550658067
ES,1991,0.9824185539949822,0.017581446005017723,0.3272011691504771,0.6584635586619725,0.005923468533126567,0.011657977471891158,0.33312463771909084,0.6701215360510602,0.1262074493419329,0.873792550658067
ES,1992,0.9824185539949822,0.017581446005017723,0.3272011691504771,0.6584635586619725,0.005923468533126567,0.011657977471891158,0.33312463771909084,0.6701215360510602,0.1262074493419329,0.873792550658067
ES,1993,0.9824185539949822,0.017581446005017723,0.3272011691504771,0.6584635586619725,0.005923468533126567,0.011657977471891158,0.33312463771909084,0.6701215360510602,0.1262074493419329,0.873792550658067
ES,1994,0.9824185539949822,0.017581446005017723,0.3272011691504771,0.6584635586619725,0.005923468533126567,0.011657977471891158,0.33312463771909084,0.6701215360510602,0.1262074493419329,0.873792550658067
ES,1995,0.9824185539949822,0.017581446005017723,0.3272011691504771,0.6584635586619725,0.005923468533126567,0.011657977471891158,0.33312463771909084,0.6701215360510602,0.1262074493419329,0.873792550658067
ES,1996,0.9824185539949822,0.017581446005017723,0.3272011691504771,0.6584635586619725,0.005923468533126567,0.011657977471891158,0.33312463771909084,0.6701215360510602,0.1262074493419329,0.873792550658067
ES,1997,0.9824185539949822,0.017581446005017723,0.3272011691504771,0.6584635586619725,0.005923468533126567,0.011657977471891158,0.33312463771909084,0.6701215360510602,0.1262074493419329,0.873792550658067
ES,1998,0.9824185539949822,0.017581446005017723,0.3272011691504771,0.6584635586619725,0.005923468533126567,0.011657977471891158,0.33312463771909084,0.6701215360510602,0.1262074493419329,0.873792550658067
ES,1999,0.9824185539949822,0.017581446005017723,0.3272011691504771,0.6584635586619725,0.005923468533126567,0.011657977471891158,0.33312463771909084,0.6701215360510602,0.1262074493419329,0.873792550658067
ES,2000,0.9824185539949822,0.017581446005017723,0.3272011691504771,0.6584635586619725,0.005923468533126567,0.011657977471891158,0.33312463771909084,0.6701215360510602,0.1262074493419329,0.873792550658067
ES,2001,0.9824185539949822,0.017581446005017723,0.3272011691504771,0.6584635586619725,0.005923468533126567,0.011657977471891158,0.33312463771909084,0.6701215360510602,0.1262074493419329,0.873792550658067
ES,2002,0.9824185539949822,0.017581446005017723,0.3272011691504771,0.6584635586619725,0.005923468533126567,0.011657977471891158,0.33312463771909084,0.6701215360510602,0.1262074493419329,0.873792550658067
ES,2003,0.9824185539949822,0.017581446005017723,0.3272011691504771,0.6584635586619725,0.005923468533126567,0.011657977471891158,0.33312463771909084,0.6701215360510602,0.1262074493419329,0.873792550658067
ES,2004,0.9824185539949822,0.017581446005017723,0.3272011691504771,0.6584635586619725,0.005923468533126567,0.011657977471891158,0.33312463771909084,0.6701215360510602,0.1262074493419329,0.873792550658067
ES,2005,0.9824185539949822,0.017581446005017723,0.3272011691504771,0.6584635586619725,0.005923468533126567,0.011657977471891158,0.33312463771909084,0.6701215360510602,0.1262074493419329,0.873792550658067
ES,2006,0.9824185539949822,0.017581446005017723,0.3272011691504771,0.6584635586619725,0.005923468533126567,0.011657977471891158,0.33312463771909084,0.6701215360510602,0.1262074493419329,0.873792550658067
ES,2007,0.9824185539949822,0.017581446005017723,0.3272011691504771,0.6584635586619725,0.005923468533126567,0.011657977471891158,0.33312463771909084,0.6701215360510602,0.1262074493419329,0.873792550658067
ES,2008,0.9824185539949822,0.017581446005017723,0.3272011691504771,0.6584635586619725,0.005923468533126567,0.011657977471891158,0.33312463771909084,0.6701215360510602,0.1262074493419329,0.873792550658067
ES,2009,0.9824185539949822,0.017581446005017723,0.3272011691504771,0.6584635586619725,0.005923468533126567,0.011657977471891158,0.33312463771909084,0.6701215360510602,0.1262074493419329,0.873792550658067
ES,2010,0.9824185539949822,0.017581446005017723,0.3272011691504771,0.6584635586619725,0.005923468533126567,0.011657977471891158,0.33312463771909084,0.6701215360510602,0.1262074493419329,0.873792550658067
ES,2011,0.9824185539949822,0.017581446005017723,0.3272011691504771,0.6584635586619725,0.005923468533126567,0.011657977471891158,0.33312463771909084,0.6701215360510602,0.1262074493419329,0.873792550658067
ES,2012,0.9824185539949822,0.017581446005017723,0.3272011691504771,0.6584635586619725,0.005923468533126567,0.011657977471891158,0.33312463771909084,0.6701215360510602,0.1262074493419329,0.873792550658067
ES,2013,0.9824185539949822,0.017581446005017723,0.3272011691504771,0.6584635586619725,0.005923468533126567,0.011657977471891158,0.33312463771909084,0.6701215360510602,0.1262074493419329,0.873792550658067
ES,2014,0.9824185539949822,0.017581446005017723,0.3272011691504771,0.6584635586619725,0.005923468533126567,0.011657977471891158,0.33312463771909084,0.6701215360510602,0.1262074493419329,0.873792550658067
ES,2015,0.9824185539949822,0.017581446005017723,0.3272011691504771,0.6584635586619725,0.005923468533126567,0.011657977471891158,0.33312463771909084,0.6701215360510602,0.1262074493419329,0.873792550658067
ES,2016,0.9824185539949822,0.017581446005017723,0.3272011691504771,0.6584635586619725,0.005923468533126567,0.011657977471891158,0.33312463771909084,0.6701215360510602,0.1262074493419329,0.873792550658067
ES,2017,0.9824185539949822,0.017581446005017723,0.3272011691504771,0.6584635586619725,0.005923468533126567,0.011657977471891158,0.33312463771909084,0.6701215360510602,0.1262074493419329,0.873792550658067
ES,2018,0.9824185539949822,0.017581446005017723,0.3272011691504771,0.6584635586619725,0.005923468533126567,0.011657977471891158,0.33312463771909084,0.6701215360510602,0.1262074493419329,0.873792550658067
ES,2019,0.9824185539949822,0.017581446005017723,0.3272011691504771,0.6584635586619725,0.005923468533126567,0.011657977471891158,0.33312463771909084,0.6701215360510602,0.1262074493419329,0.873792550658067
ES,2020,0.9824185539949822,0.017581446005017723,0.3272011691504771,0.6584635586619725,0.005923468533126567,0.011657977471891158,0.33312463771909084,0.6701215360510602,0.1262074493419329,0.873792550658067
ES,2021,0.9824185539949822,0.017581446005017723,0.3272011691504771,0.6584635586619725,0.005923468533126567,0.011657977471891158,0.33312463771909084,0.6701215360510602,0.1262074493419329,0.873792550658067
FI,1990,0.9801323403889707,0.01986765961102923,0.07412608440348416,0.906171325375135,0.017499078869756875,0.002368580741272354,0.09162516327324104,0.9085399061164074,0.2820909180084344,0.7179090819915656
FI,1991,0.9801323403889707,0.01986765961102923,0.07412608440348416,0.906171325375135,0.017499078869756875,0.002368580741272354,0.09162516327324104,0.9085399061164074,0.2820909180084344,0.7179090819915656
FI,1992,0.9801323403889707,0.01986765961102923,0.07412608440348416,0.906171325375135,0.017499078869756875,0.002368580741272354,0.09162516327324104,0.9085399061164074,0.2820909180084344,0.7179090819915656
FI,1993,0.9801323403889707,0.01986765961102923,0.07412608440348416,0.906171325375135,0.017499078869756875,0.002368580741272354,0.09162516327324104,0.9085399061164074,0.2820909180084344,0.7179090819915656
FI,1994,0.9801323403889707,0.01986765961102923,0.07412608440348416,0.906171325375135,0.017499078869756875,0.002368580741272354,0.09162516327324104,0.9085399061164074,0.2820909180084344,0.7179090819915656
FI,1995,0.9801323403889707,0.01986765961102923,0.07412608440348416,0.906171325375135,0.017499078869756875,0.002368580741272354,0.09162516327324104,0.9085399061164074,0.2820909180084344,0.7179090819915656
FI,1996,0.9801323403889707,0.01986765961102923,0.07412608440348416,0.906171325375135,0.017499078869756875,0.002368580741272354,0.09162516327324104,0.9085399061164074,0.2820909180084344,0.7179090819915656
FI,1997,0.9801323403889707,0.01986765961102923,0.07412608440348416,0.906171325375135,0.017499078869756875,0.002368580741272354,0.09162516327324104,0.9085399061164074,0.2820909180084344,0.7179090819915656
FI,1998,0.9801323403889707,0.01986765961102923,0.07412608440348416,0.906171325375135,0.017499078869756875,0.002368580741272354,0.09162516327324104,0.9085399061164074,0.2820909180084344,0.7179090819915656
FI,1999,0.9801323403889707,0.01986765961102923,0.07412608440348416,0.906171325375135,0.017499078869756875,0.002368580741272354,0.09162516327324104,0.9085399061164074,0.2820909180084344,0.7179090819915656
FI,2000,0.9801323403889707,0.01986765961102923,0.07412608440348416,0.906171325375135,0.017499078869756875,0.002368580741272354,0.09162516327324104,0.9085399061164074,0.2820909180084344,0.7179090819915656
FI,2001,0.9801323403889707,0.01986765961102923,0.07412608440348416,0.906171325375135,0.017499078869756875,0.002368580741272354,0.09162516327324104,0.9085399061164074,0.2820909180084344,0.7179090819915656
FI,2002,0.9801323403889707,0.01986765961102923,0.07412608440348416,0.906171325375135,0.017499078869756875,0.002368580741272354,0.09162516327324104,0.9085399061164074,0.2820909180084344,0.7179090819915656
FI,2003,0.9801323403889707,0.01986765961102923,0.07412608440348416,0.906171325375135,0.017499078869756875,0.002368580741272354,0.09162516327324104,0.9085399061164074,0.2820909180084344,0.7179090819915656
FI,2004,0.9801323403889707,0.01986765961102923,0.07412608440348416,0.906171325375135,0.017499078869756875,0.002368580741272354,0.09162516327324104,0.9085399061164074,0.2820909180084344,0.7179090819915656
FI,2005,0.9801323403889707,0.01986765961102923,0.07412608440348416,0.906171325375135,0.017499078869756875,0.002368580741272354,0.09162516327324104,0.9085399061164074,0.2820909180084344,0.7179090819915656
FI,2006,0.9801323403889707,0.01986765961102923,0.07412608440348416,0.906171325375135,0.017499078869756875,0.002368580741272354,0.09162516327324104,0.9085399061164074,0.2820909180084344,0.7179090819915656
FI,2007,0.9801323403889707,0.01986765961102923,0.07412608440348416,0.906171325375135,0.017499078869756875,0.002368580741272354,0.09162516327324104,0.9085399061164074,0.2820909180084344,0.7179090819915656
FI,2008,0.9801323403889707,0.01986765961102923,0.07412608440348416,0.906171325375135,0.017499078869756875,0.002368580741272354,0.09162516327324104,0.9085399061164074,0.2820909180084344,0.7179090819915656
FI,2009,0.9801323403889707,0.01986765961102923,0.07412608440348416,0.906171325375135,0.017499078869756875,0.002368580741272354,0.09162516327324104,0.9085399061164074,0.2820909180084344,0.7179090819915656
FI,2010,0.9801323403889707,0.01986765961102923,0.07412608440348416,0.906171325375135,0.017499078869756875,0.002368580741272354,0.09162516327324104,0.9085399061164074,0.2820909180084344,0.7179090819915656
FI,2011,0.9801323403889707,0.01986765961102923,0.07412608440348416,0.906171325375135,0.017499078869756875,0.002368580741272354,0.09162516327324104,0.9085399061164074,0.2820909180084344,0.7179090819915656
FI,2012,0.9801323403889707,0.01986765961102923,0.07412608440348416,0.906171325375135,0.017499078869756875,0.002368580741272354,0.09162516327324104,0.9085399061164074,0.2820909180084344,0.7179090819915656
FI,2013,0.9801323403889707,0.01986765961102923,0.07412608440348416,0.906171325375135,0.017499078869756875,0.002368580741272354,0.09162516327324104,0.9085399061164074,0.2820909180084344,0.7179090819915656
FI,2014,0.9801323403889707,0.01986765961102923,0.07412608440348416,0.906171325375135,0.017499078869756875,0.002368580741272354,0.09162516327324104,0.9085399061164074,0.2820909180084344,0.7179090819915656
FI,2015,0.9801323403889707,0.01986765961102923,0.07412608440348416,0.906171325375135,0.017499078869756875,0.002368580741272354,0.09162516327324104,0.9085399061164074,0.2820909180084344,0.7179090819915656
FI,2016,0.9801323403889707,0.01986765961102923,0.07412608440348416,0.906171325375135,0.017499078869756875,0.002368580741272354,0.09162516327324104,0.9085399061164074,0.2820909180084344,0.7179090819915656
FI,2017,0.9801323403889707,0.01986765961102923,0.07412608440348416,0.906171325375135,0.017499078869756875,0.002368580741272354,0.09162516327324104,0.9085399061164074,0.2820909180084344,0.7179090819915656
FI,2018,0.9801323403889707,0.01986765961102923,0.07412608440348416,0.906171325375135,0.017499078869756875,0.002368580741272354,0.09162516327324104,0.9085399061164074,0.2820909180084344,0.7179090819915656
FI,2019,0.9801323403889707,0.01986765961102923,0.07412608440348416,0.906171325375135,0.017499078869756875,0.002368580741272354,0.09162516327324104,0.9085399061164074,0.2820909180084344,0.7179090819915656
FI,2020,0.9801323403889707,0.01986765961102923,0.07412608440348416,0.906171325375135,0.017499078869756875,0.002368580741272354,0.09162516327324104,0.9085399061164074,0.2820909180084344,0.7179090819915656
FI,2021,0.9801323403889707,0.01986765961102923,0.07412608440348416,0.906171325375135,0.017499078869756875,0.002368580741272354,0.09162516327324104,0.9085399061164074,0.2820909180084344,0.7179090819915656
FR,1990,0.9397612416398293,0.060238758360170674,0.20680257527780038,0.7369591527240059,0.010123417058324747,0.05011534130184593,0.21692599235808774,0.7870744939380014,0.2215784263236295,0.7784215736763705
FR,1991,0.9397612416398293,0.060238758360170674,0.20680257527780038,0.7369591527240059,0.010123417058324747,0.05011534130184593,0.21692599235808774,0.7870744939380014,0.2215784263236295,0.7784215736763705
FR,1992,0.9397612416398293,0.060238758360170674,0.20680257527780038,0.7369591527240059,0.010123417058324747,0.05011534130184593,0.21692599235808774,0.7870744939380014,0.2215784263236295,0.7784215736763705
FR,1993,0.9397612416398293,0.060238758360170674,0.20680257527780038,0.7369591527240059,0.010123417058324747,0.05011534130184593,0.21692599235808774,0.7870744939380014,0.2215784263236295,0.7784215736763705
FR,1994,0.9397612416398293,0.060238758360170674,0.20680257527780038,0.7369591527240059,0.010123417058324747,0.05011534130184593,0.21692599235808774,0.7870744939380014,0.2215784263236295,0.7784215736763705
FR,1995,0.9397612416398293,0.060238758360170674,0.20680257527780038,0.7369591527240059,0.010123417058324747,0.05011534130184593,0.21692599235808774,0.7870744939380014,0.2215784263236295,0.7784215736763705
FR,1996,0.9397612416398293,0.060238758360170674,0.20680257527780038,0.7369591527240059,0.010123417058324747,0.05011534130184593,0.21692599235808774,0.7870744939380014,0.2215784263236295,0.7784215736763705
FR,1997,0.9397612416398293,0.060238758360170674,0.20680257527780038,0.7369591527240059,0.010123417058324747,0.05011534130184593,0.21692599235808774,0.7870744939380014,0.2215784263236295,0.7784215736763705
FR,1998,0.9397612416398293,0.060238758360170674,0.20680257527780038,0.7369591527240059,0.010123417058324747,0.05011534130184593,0.21692599235808774,0.7870744939380014,0.2215784263236295,0.7784215736763705
FR,1999,0.9397612416398293,0.060238758360170674,0.20680257527780038,0.7369591527240059,0.010123417058324747,0.05011534130184593,0.21692599235808774,0.7870744939380014,0.2215784263236295,0.7784215736763705
FR,2000,0.9397612416398293,0.060238758360170674,0.20680257527780038,0.7369591527240059,0.010123417058324747,0.05011534130184593,0.21692599235808774,0.7870744939380014,0.2215784263236295,0.7784215736763705
FR,2001,0.9397612416398293,0.060238758360170674,0.20680257527780038,0.7369591527240059,0.010123417058324747,0.05011534130184593,0.21692599235808774,0.7870744939380014,0.2215784263236295,0.7784215736763705
FR,2002,0.9397612416398293,0.060238758360170674,0.20680257527780038,0.7369591527240059,0.010123417058324747,0.05011534130184593,0.21692599235808774,0.7870744939380014,0.2215784263236295,0.7784215736763705
FR,2003,0.9397612416398293,0.060238758360170674,0.20680257527780038,0.7369591527240059,0.010123417058324747,0.05011534130184593,0.21692599235808774,0.7870744939380014,0.2215784263236295,0.7784215736763705
FR,2004,0.9397612416398293,0.060238758360170674,0.20680257527780038,0.7369591527240059,0.010123417058324747,0.05011534130184593,0.21692599235808774,0.7870744939380014,0.2215784263236295,0.7784215736763705
FR,2005,0.9397612416398293,0.060238758360170674,0.20680257527780038,0.7369591527240059,0.010123417058324747,0.05011534130184593,0.21692599235808774,0.7870744939380014,0.2215784263236295,0.7784215736763705
FR,2006,0.9397612416398293,0.060238758360170674,0.20680257527780038,0.7369591527240059,0.010123417058324747,0.05011534130184593,0.21692599235808774,0.7870744939380014,0.2215784263236295,0.7784215736763705
FR,2007,0.9397612416398293,0.060238758360170674,0.20680257527780038,0.7369591527240059,0.010123417058324747,0.05011534130184593,0.21692599235808774,0.7870744939380014,0.2215784263236295,0.7784215736763705
FR,2008,0.9397612416398293,0.060238758360170674,0.20680257527780038,0.7369591527240059,0.010123417058324747,0.05011534130184593,0.21692599235808774,0.7870744939380014,0.2215784263236295,0.7784215736763705
FR,2009,0.9397612416398293,0.060238758360170674,0.20680257527780038,0.7369591527240059,0.010123417058324747,0.05011534130184593,0.21692599235808774,0.7870744939380014,0.2215784263236295,0.7784215736763705
FR,2010,0.9397612416398293,0.060238758360170674,0.20680257527780038,0.7369591527240059,0.010123417058324747,0.05011534130184593,0.21692599235808774,0.7870744939380014,0.2215784263236295,0.7784215736763705
FR,2011,0.9397612416398293,0.060238758360170674,0.20680257527780038,0.7369591527240059,0.010123417058324747,0.05011534130184593,0.21692599235808774,0.7870744939380014,0.2215784263236295,0.7784215736763705
FR,2012,0.9397612416398293,0.060238758360170674,0.20680257527780038,0.7369591527240059,0.010123417058324747,0.05011534130184593,0.21692599235808774,0.7870744939380014,0.2215784263236295,0.7784215736763705
FR,2013,0.9397612416398293,0.060238758360170674,0.20680257527780038,0.7369591527240059,0.010123417058324747,0.05011534130184593,0.21692599235808774,0.7870744939380014,0.2215784263236295,0.7784215736763705
FR,2014,0.9397612416398293,0.060238758360170674,0.20680257527780038,0.7369591527240059,0.010123417058324747,0.05011534130184593,0.21692599235808774,0.7870744939380014,0.2215784263236295,0.7784215736763705
FR,2015,0.9397612416398293,0.060238758360170674,0.20680257527780038,0.7369591527240059,0.010123417058324747,0.05011534130184593,0.21692599235808774,0.7870744939380014,0.2215784263236295,0.7784215736763705
FR,2016,0.9397612416398293,0.060238758360170674,0.20680257527780038,0.7369591527240059,0.010123417058324747,0.05011534130184593,0.21692599235808774,0.7870744939380014,0.2215784263236295,0.7784215736763705
FR,2017,0.9397612416398293,0.060238758360170674,0.20680257527780038,0.7369591527240059,0.010123417058324747,0.05011534130184593,0.21692599235808774,0.7870744939380014,0.2215784263236295,0.7784215736763705
FR,2018,0.9397612416398293,0.060238758360170674,0.20680257527780038,0.7369591527240059,0.010123417058324747,0.05011534130184593,0.21692599235808774,0.7870744939380014,0.2215784263236295,0.7784215736763705
FR,2019,0.9397612416398293,0.060238758360170674,0.20680257527780038,0.7369591527240059,0.010123417058324747,0.05011534130184593,0.21692599235808774,0.7870744939380014,0.2215784263236295,0.7784215736763705
FR,2020,0.9397612416398293,0.060238758360170674,0.20680257527780038,0.7369591527240059,0.010123417058324747,0.05011534130184593,0.21692599235808774,0.7870744939380014,0.2215784263236295,0.7784215736763705
FR,2021,0.9397612416398293,0.060238758360170674,0.20680257527780038,0.7369591527240059,0.010123417058324747,0.05011534130184593,0.21692599235808774,0.7870744939380014,0.2215784263236295,0.7784215736763705
GB,1990,0.9070228453749801,0.09297715462501978,0.06412193674965679,0.8429009091016567,0.005878047871391385,0.0870991067403969,0.06999998462104817,0.9300000155774241,0.2726936244163671,0.7273063755836329
GB,1991,0.9070228453749801,0.09297715462501978,0.06412193674965679,0.8429009091016567,0.005878047871391385,0.0870991067403969,0.06999998462104817,0.9300000155774241,0.2726936244163671,0.7273063755836329
GB,1992,0.9070228453749801,0.09297715462501978,0.06412193674965679,0.8429009091016567,0.005878047871391385,0.0870991067403969,0.06999998462104817,0.9300000155774241,0.2726936244163671,0.7273063755836329
GB,1993,0.9070228453749801,0.09297715462501978,0.06412193674965679,0.8429009091016567,0.005878047871391385,0.0870991067403969,0.06999998462104817,0.9300000155774241,0.2726936244163671,0.7273063755836329
GB,1994,0.9070228453749801,0.09297715462501978,0.06412193674965679,0.8429009091016567,0.005878047871391385,0.0870991067403969,0.06999998462104817,0.9300000155774241,0.2726936244163671,0.7273063755836329
GB,1995,0.9070228453749801,0.09297715462501978,0.06412193674965679,0.8429009091016567,0.005878047871391385,0.0870991067403969,0.06999998462104817,0.9300000155774241,0.2726936244163671,0.7273063755836329
GB,1996,0.9070228453749801,0.09297715462501978,0.06412193674965679,0.8429009091016567,0.005878047871391385,0.0870991067403969,0.06999998462104817,0.9300000155774241,0.2726936244163671,0.7273063755836329
GB,1997,0.9070228453749801,0.09297715462501978,0.06412193674965679,0.8429009091016567,0.005878047871391385,0.0870991067403969,0.06999998462104817,0.9300000155774241,0.2726936244163671,0.7273063755836329
GB,1998,0.9070228453749801,0.09297715462501978,0.06412193674965679,0.8429009091016567,0.005878047871391385,0.0870991067403969,0.06999998462104817,0.9300000155774241,0.2726936244163671,0.7273063755836329
GB,1999,0.9070228453749801,0.09297715462501978,0.06412193674965679,0.8429009091016567,0.005878047871391385,0.0870991067403969,0.06999998462104817,0.9300000155774241,0.2726936244163671,0.7273063755836329
GB,2000,0.9070228453749801,0.09297715462501978,0.06412193674965679,0.8429009091016567,0.005878047871391385,0.0870991067403969,0.06999998462104817,0.9300000155774241,0.2726936244163671,0.7273063755836329
GB,2001,0.9070228453749801,0.09297715462501978,0.06412193674965679,0.8429009091016567,0.005878047871391385,0.0870991067403969,0.06999998462104817,0.9300000155774241,0.2726936244163671,0.7273063755836329
GB,2002,0.9070228453749801,0.09297715462501978,0.06412193674965679,0.8429009091016567,0.005878047871391385,0.0870991067403969,0.06999998462104817,0.9300000155774241,0.2726936244163671,0.7273063755836329
GB,2003,0.9070228453749801,0.09297715462501978,0.06412193674965679,0.8429009091016567,0.005878047871391385,0.0870991067403969,0.06999998462104817,0.9300000155774241,0.2726936244163671,0.7273063755836329
GB,2004,0.9070228453749801,0.09297715462501978,0.06412193674965679,0.8429009091016567,0.005878047871391385,0.0870991067403969,0.06999998462104817,0.9300000155774241,0.2726936244163671,0.7273063755836329
GB,2005,0.9070228453749801,0.09297715462501978,0.06412193674965679,0.8429009091016567,0.005878047871391385,0.0870991067403969,0.06999998462104817,0.9300000155774241,0.2726936244163671,0.7273063755836329
GB,2006,0.9070228453749801,0.09297715462501978,0.06412193674965679,0.8429009091016567,0.005878047871391385,0.0870991067403969,0.06999998462104817,0.9300000155774241,0.2726936244163671,0.7273063755836329
GB,2007,0.9070228453749801,0.09297715462501978,0.06412193674965679,0.8429009091016567,0.005878047871391385,0.0870991067403969,0.06999998462104817,0.9300000155774241,0.2726936244163671,0.7273063755836329
GB,2008,0.9070228453749801,0.09297715462501978,0.06412193674965679,0.8429009091016567,0.005878047871391385,0.0870991067403969,0.06999998462104817,0.9300000155774241,0.2726936244163671,0.7273063755836329
GB,2009,0.9070228453749801,0.09297715462501978,0.06412193674965679,0.8429009091016567,0.005878047871391385,0.0870991067403969,0.06999998462104817,0.9300000155774241,0.2726936244163671,0.7273063755836329
GB,2010,0.9070228453749801,0.09297715462501978,0.06412193674965679,0.8429009091016567,0.005878047871391385,0.0870991067403969,0.06999998462104817,0.9300000155774241,0.2726936244163671,0.7273063755836329
GB,2011,0.9070228453749801,0.09297715462501978,0.06412193674965679,0.8429009091016567,0.005878047871391385,0.0870991067403969,0.06999998462104817,0.9300000155774241,0.2726936244163671,0.7273063755836329
GB,2012,0.9070228453749801,0.09297715462501978,0.06412193674965679,0.8429009091016567,0.005878047871391385,0.0870991067403969,0.06999998462104817,0.9300000155774241,0.2726936244163671,0.7273063755836329
GB,2013,0.9070228453749801,0.09297715462501978,0.06412193674965679,0.8429009091016567,0.005878047871391385,0.0870991067403969,0.06999998462104817,0.9300000155774241,0.2726936244163671,0.7273063755836329
GB,2014,0.9070228453749801,0.09297715462501978,0.06412193674965679,0.8429009091016567,0.005878047871391385,0.0870991067403969,0.06999998462104817,0.9300000155774241,0.2726936244163671,0.7273063755836329
GB,2015,0.9070228453749801,0.09297715462501978,0.06412193674965679,0.8429009091016567,0.005878047871391385,0.0870991067403969,0.06999998462104817,0.9300000155774241,0.2726936244163671,0.7273063755836329
GB,2016,0.9070228453749801,0.09297715462501978,0.06412193674965679,0.8429009091016567,0.005878047871391385,0.0870991067403969,0.06999998462104817,0.9300000155774241,0.2726936244163671,0.7273063755836329
GB,2017,0.9070228453749801,0.09297715462501978,0.06412193674965679,0.8429009091016567,0.005878047871391385,0.0870991067403969,0.06999998462104817,0.9300000155774241,0.2726936244163671,0.7273063755836329
GB,2018,0.9070228453749801,0.09297715462501978,0.06412193674965679,0.8429009091016567,0.005878047871391385,0.0870991067403969,0.06999998462104817,0.9300000155774241,0.2726936244163671,0.7273063755836329
GB,2019,0.9070228453749801,0.09297715462501978,0.06412193674965679,0.8429009091016567,0.005878047871391385,0.0870991067403969,0.06999998462104817,0.9300000155774241,0.2726936244163671,0.7273063755836329
GB,2020,0.9070228453749801,0.09297715462501978,0.06412193674965679,0.8429009091016567,0.005878047871391385,0.0870991067403969,0.06999998462104817,0.9300000155774241,0.2726936244163671,0.7273063755836329
GB,2021,0.9070228453749801,0.09297715462501978,0.06412193674965679,0.8429009091016567,0.005878047871391385,0.0870991067403969,0.06999998462104817,0.9300000155774241,0.2726936244163671,0.7273063755836329
GR,1990,0.9926630913551966,0.007336908644803456,0.16576165637957463,0.8275571636942215,0.006504787053405903,0.0008321215913975536,0.17226644343298053,0.8283892850318422,0.20282368048642999,0.7971763195135699
GR,1991,0.9926630913551966,0.007336908644803456,0.16576165637957463,0.8275571636942215,0.006504787053405903,0.0008321215913975536,0.17226644343298053,0.8283892850318422,0.20282368048642999,0.7971763195135699
GR,1992,0.9926630913551966,0.007336908644803456,0.16576165637957463,0.8275571636942215,0.006504787053405903,0.0008321215913975536,0.17226644343298053,0.8283892850318422,0.20282368048642999,0.7971763195135699
GR,1993,0.9926630913551966,0.007336908644803456,0.16576165637957463,0.8275571636942215,0.006504787053405903,0.0008321215913975536,0.17226644343298053,0.8283892850318422,0.20282368048642999,0.7971763195135699
GR,1994,0.9926630913551966,0.007336908644803456,0.16576165637957463,0.8275571636942215,0.006504787053405903,0.0008321215913975536,0.17226644343298053,0.8283892850318422,0.20282368048642999,0.7971763195135699
GR,1995,0.9926630913551966,0.007336908644803456,0.16576165637957463,0.8275571636942215,0.006504787053405903,0.0008321215913975536,0.17226644343298053,0.8283892850318422,0.20282368048642999,0.7971763195135699
GR,1996,0.9926630913551966,0.007336908644803456,0.16576165637957463,0.8275571636942215,0.006504787053405903,0.0008321215913975536,0.17226644343298053,0.8283892850318422,0.20282368048642999,0.7971763195135699
GR,1997,0.9926630913551966,0.007336908644803456,0.16576165637957463,0.8275571636942215,0.006504787053405903,0.0008321215913975536,0.17226644343298053,0.8283892850318422,0.20282368048642999,0.7971763195135699
GR,1998,0.9926630913551966,0.007336908644803456,0.16576165637957463,0.8275571636942215,0.006504787053405903,0.0008321215913975536,0.17226644343298053,0.8283892850318422,0.20282368048642999,0.7971763195135699
GR,1999,0.9926630913551966,0.007336908644803456,0.16576165637957463,0.8275571636942215,0.006504787053405903,0.0008321215913975536,0.17226644343298053,0.8283892850318422,0.20282368048642999,0.7971763195135699
GR,2000,0.9926630913551966,0.007336908644803456,0.16576165637957463,0.8275571636942215,0.006504787053405903,0.0008321215913975536,0.17226644343298053,0.8283892850318422,0.20282368048642999,0.7971763195135699
GR,2001,0.9926630913551966,0.007336908644803456,0.16576165637957463,0.8275571636942215,0.006504787053405903,0.0008321215913975536,0.17226644343298053,0.8283892850318422,0.20282368048642999,0.7971763195135699
GR,2002,0.9926630913551966,0.007336908644803456,0.16576165637957463,0.8275571636942215,0.006504787053405903,0.0008321215913975536,0.17226644343298053,0.8283892850318422,0.20282368048642999,0.7971763195135699
GR,2003,0.9926630913551966,0.007336908644803456,0.16576165637957463,0.8275571636942215,0.006504787053405903,0.0008321215913975536,0.17226644343298053,0.8283892850318422,0.20282368048642999,0.7971763195135699
GR,2004,0.9926630913551966,0.007336908644803456,0.16576165637957463,0.8275571636942215,0.006504787053405903,0.0008321215913975536,0.17226644343298053,0.8283892850318422,0.20282368048642999,0.7971763195135699
GR,2005,0.9926630913551966,0.007336908644803456,0.16576165637957463,0.8275571636942215,0.006504787053405903,0.0008321215913975536,0.17226644343298053,0.8283892850318422,0.20282368048642999,0.7971763195135699
GR,2006,0.9926630913551966,0.007336908644803456,0.16576165637957463,0.8275571636942215,0.006504787053405903,0.0008321215913975536,0.17226644343298053,0.8283892850318422,0.20282368048642999,0.7971763195135699
GR,2007,0.9926630913551966,0.007336908644803456,0.16576165637957463,0.8275571636942215,0.006504787053405903,0.0008321215913975536,0.17226644343298053,0.8283892850318422,0.20282368048642999,0.7971763195135699
GR,2008,0.9926630913551966,0.007336908644803456,0.16576165637957463,0.8275571636942215,0.006504787053405903,0.0008321215913975536,0.17226644343298053,0.8283892850318422,0.20282368048642999,0.7971763195135699
GR,2009,0.9926630913551966,0.007336908644803456,0.16576165637957463,0.8275571636942215,0.006504787053405903,0.0008321215913975536,0.17226644343298053,0.8283892850318422,0.20282368048642999,0.7971763195135699
GR,2010,0.9926630913551966,0.007336908644803456,0.16576165637957463,0.8275571636942215,0.006504787053405903,0.0008321215913975536,0.17226644343298053,0.8283892850318422,0.20282368048642999,0.7971763195135699
GR,2011,0.9926630913551966,0.007336908644803456,0.16576165637957463,0.8275571636942215,0.006504787053405903,0.0008321215913975536,0.17226644343298053,0.8283892850318422,0.20282368048642999,0.7971763195135699
GR,2012,0.9926630913551966,0.007336908644803456,0.16576165637957463,0.8275571636942215,0.006504787053405903,0.0008321215913975536,0.17226644343298053,0.8283892850318422,0.20282368048642999,0.7971763195135699
GR,2013,0.9926630913551966,0.007336908644803456,0.16576165637957463,0.8275571636942215,0.006504787053405903,0.0008321215913975536,0.17226644343298053,0.8283892850318422,0.20282368048642999,0.7971763195135699
GR,2014,0.9926630913551966,0.007336908644803456,0.16576165637957463,0.8275571636942215,0.006504787053405903,0.0008321215913975536,0.17226644343298053,0.8283892850318422,0.20282368048642999,0.7971763195135699
GR,2015,0.9926630913551966,0.007336908644803456,0.16576165637957463,0.8275571636942215,0.006504787053405903,0.0008321215913975536,0.17226644343298053,0.8283892850318422,0.20282368048642999,0.7971763195135699
GR,2016,0.9926630913551966,0.007336908644803456,0.16576165637957463,0.8275571636942215,0.006504787053405903,0.0008321215913975536,0.17226644343298053,0.8283892850318422,0.20282368048642999,0.7971763195135699
GR,2017,0.9926630913551966,0.007336908644803456,0.16576165637957463,0.8275571636942215,0.006504787053405903,0.0008321215913975536,0.17226644343298053,0.8283892850318422,0.20282368048642999,0.7971763195135699
GR,2018,0.9926630913551966,0.007336908644803456,0.16576165637957463,0.8275571636942215,0.006504787053405903,0.0008321215913975536,0.17226644343298053,0.8283892850318422,0.20282368048642999,0.7971763195135699
GR,2019,0.9926630913551966,0.007336908644803456,0.16576165637957463,0.8275571636942215,0.006504787053405903,0.0008321215913975536,0.17226644343298053,0.8283892850318422,0.20282368048642999,0.7971763195135699
GR,2020,0.9926630913551966,0.007336908644803456,0.16576165637957463,0.8275571636942215,0.006504787053405903,0.0008321215913975536,0.17226644343298053,0.8283892850318422,0.20282368048642999,0.7971763195135699
GR,2021,0.9926630913551966,0.007336908644803456,0.16576165637957463,0.8275571636942215,0.006504787053405903,0.0008321215913975536,0.17226644343298053,0.8283892850318422,0.20282368048642999,0.7971763195135699
HR,1990,0.9964914792599918,0.0035085207400081687,0.050950276229541375,0.9456706983274141,0.001698577621257471,0.0018099431187506975,0.05264885385079885,0.9474806414461648,0.6676595037278726,0.33234049627212736
HR,1991,0.9964914792599918,0.0035085207400081687,0.050950276229541375,0.9456706983274141,0.001698577621257471,0.0018099431187506975,0.05264885385079885,0.9474806414461648,0.6676595037278726,0.33234049627212736
HR,1992,0.9964914792599918,0.0035085207400081687,0.050950276229541375,0.9456706983274141,0.001698577621257471,0.0018099431187506975,0.05264885385079885,0.9474806414461648,0.6676595037278726,0.33234049627212736
HR,1993,0.9964914792599918,0.0035085207400081687,0.050950276229541375,0.9456706983274141,0.001698577621257471,0.0018099431187506975,0.05264885385079885,0.9474806414461648,0.6676595037278726,0.33234049627212736
HR,1994,0.9964914792599918,0.0035085207400081687,0.050950276229541375,0.9456706983274141,0.001698577621257471,0.0018099431187506975,0.05264885385079885,0.9474806414461648,0.6676595037278726,0.33234049627212736
HR,1995,0.9964914792599918,0.0035085207400081687,0.050950276229541375,0.9456706983274141,0.001698577621257471,0.0018099431187506975,0.05264885385079885,0.9474806414461648,0.6676595037278726,0.33234049627212736
HR,1996,0.9964914792599918,0.0035085207400081687,0.050950276229541375,0.9456706983274141,0.001698577621257471,0.0018099431187506975,0.05264885385079885,0.9474806414461648,0.6676595037278726,0.33234049627212736
HR,1997,0.9964914792599918,0.0035085207400081687,0.050950276229541375,0.9456706983274141,0.001698577621257471,0.0018099431187506975,0.05264885385079885,0.9474806414461648,0.6676595037278726,0.33234049627212736
HR,1998,0.9964914792599918,0.0035085207400081687,0.050950276229541375,0.9456706983274141,0.001698577621257471,0.0018099431187506975,0.05264885385079885,0.9474806414461648,0.6676595037278726,0.33234049627212736
HR,1999,0.9964914792599918,0.0035085207400081687,0.050950276229541375,0.9456706983274141,0.001698577621257471,0.0018099431187506975,0.05264885385079885,0.9474806414461648,0.6676595037278726,0.33234049627212736
HR,2000,0.9964914792599918,0.0035085207400081687,0.050950276229541375,0.9456706983274141,0.001698577621257471,0.0018099431187506975,0.05264885385079885,0.9474806414461648,0.6676595037278726,0.33234049627212736
HR,2001,0.9964914792599918,0.0035085207400081687,0.050950276229541375,0.9456706983274141,0.001698577621257471,0.0018099431187506975,0.05264885385079885,0.9474806414461648,0.6676595037278726,0.33234049627212736
HR,2002,0.9964914792599918,0.0035085207400081687,0.050950276229541375,0.9456706983274141,0.001698577621257471,0.0018099431187506975,0.05264885385079885,0.9474806414461648,0.6676595037278726,0.33234049627212736
HR,2003,0.9964914792599918,0.0035085207400081687,0.050950276229541375,0.9456706983274141,0.001698577621257471,0.0018099431187506975,0.05264885385079885,0.9474806414461648,0.6676595037278726,0.33234049627212736
HR,2004,0.9964914792599918,0.0035085207400081687,0.050950276229541375,0.9456706983274141,0.001698577621257471,0.0018099431187506975,0.05264885385079885,0.9474806414461648,0.6676595037278726,0.33234049627212736
HR,2005,0.9964914792599918,0.0035085207400081687,0.050950276229541375,0.9456706983274141,0.001698577621257471,0.0018099431187506975,0.05264885385079885,0.9474806414461648,0.6676595037278726,0.33234049627212736
HR,2006,0.9964914792599918,0.0035085207400081687,0.050950276229541375,0.9456706983274141,0.001698577621257471,0.0018099431187506975,0.05264885385079885,0.9474806414461648,0.6676595037278726,0.33234049627212736
HR,2007,0.9964914792599918,0.0035085207400081687,0.050950276229541375,0.9456706983274141,0.001698577621257471,0.0018099431187506975,0.05264885385079885,0.9474806414461648,0.6676595037278726,0.33234049627212736
HR,2008,0.9964914792599918,0.0035085207400081687,0.050950276229541375,0.9456706983274141,0.001698577621257471,0.0018099431187506975,0.05264885385079885,0.9474806414461648,0.6676595037278726,0.33234049627212736
HR,2009,0.9964914792599918,0.0035085207400081687,0.050950276229541375,0.9456706983274141,0.001698577621257471,0.0018099431187506975,0.05264885385079885,0.9474806414461648,0.6676595037278726,0.33234049627212736
HR,2010,0.9964914792599918,0.0035085207400081687,0.050950276229541375,0.9456706983274141,0.001698577621257471,0.0018099431187506975,0.05264885385079885,0.9474806414461648,0.6676595037278726,0.33234049627212736
HR,2011,0.9964914792599918,0.0035085207400081687,0.050950276229541375,0.9456706983274141,0.001698577621257471,0.0018099431187506975,0.05264885385079885,0.9474806414461648,0.6676595037278726,0.33234049627212736
HR,2012,0.9964914792599918,0.0035085207400081687,0.050950276229541375,0.9456706983274141,0.001698577621257471,0.0018099431187506975,0.05264885385079885,0.9474806414461648,0.6676595037278726,0.33234049627212736
HR,2013,0.9964914792599918,0.0035085207400081687,0.050950276229541375,0.9456706983274141,0.001698577621257471,0.0018099431187506975,0.05264885385079885,0.9474806414461648,0.6676595037278726,0.33234049627212736
HR,2014,0.9964914792599918,0.0035085207400081687,0.050950276229541375,0.9456706983274141,0.001698577621257471,0.0018099431187506975,0.05264885385079885,0.9474806414461648,0.6676595037278726,0.33234049627212736
HR,2015,0.9964914792599918,0.0035085207400081687,0.050950276229541375,0.9456706983274141,0.001698577621257471,0.0018099431187506975,0.05264885385079885,0.9474806414461648,0.6676595037278726,0.33234049627212736
HR,2016,0.9964914792599918,0.0035085207400081687,0.050950276229541375,0.9456706983274141,0.001698577621257471,0.0018099431187506975,0.05264885385079885,0.9474806414461648,0.6676595037278726,0.33234049627212736
HR,2017,0.9964914792599918,0.0035085207400081687,0.050950276229541375,0.9456706983274141,0.001698577621257471,0.0018099431187506975,0.05264885385079885,0.9474806414461648,0.6676595037278726,0.33234049627212736
HR,2018,0.9964914792599918,0.0035085207400081687,0.050950276229541375,0.9456706983274141,0.001698577621257471,0.0018099431187506975,0.05264885385079885,0.9474806414461648,0.6676595037278726,0.33234049627212736
HR,2019,0.9964914792599918,0.0035085207400081687,0.050950276229541375,0.9456706983274141,0.001698577621257471,0.0018099431187506975,0.05264885385079885,0.9474806414461648,0.6676595037278726,0.33234049627212736
HR,2020,0.9964914792599918,0.0035085207400081687,0.050950276229541375,0.9456706983274141,0.001698577621257471,0.0018099431187506975,0.05264885385079885,0.9474806414461648,0.6676595037278726,0.33234049627212736
HR,2021,0.9964914792599918,0.0035085207400081687,0.050950276229541375,0.9456706983274141,0.001698577621257471,0.0018099431187506975,0.05264885385079885,0.9474806414461648,0.6676595037278726,0.33234049627212736
HU,1990,0.9851905590692951,0.014809440930704954,0.0,0.9851905590692951,0.01147192865826447,0.0033375122724404846,0.01147192865826447,0.9885280713417356,1.0,0.0
HU,1991,0.9851905590692951,0.014809440930704954,0.0,0.9851905590692951,0.01147192865826447,0.0033375122724404846,0.01147192865826447,0.9885280713417356,1.0,0.0
HU,1992,0.9851905590692951,0.014809440930704954,0.0,0.9851905590692951,0.01147192865826447,0.0033375122724404846,0.01147192865826447,0.9885280713417356,1.0,0.0
HU,1993,0.9851905590692951,0.014809440930704954,0.0,0.9851905590692951,0.01147192865826447,0.0033375122724404846,0.01147192865826447,0.9885280713417356,1.0,0.0
HU,1994,0.9851905590692951,0.014809440930704954,0.0,0.9851905590692951,0.01147192865826447,0.0033375122724404846,0.01147192865826447,0.9885280713417356,1.0,0.0
HU,1995,0.9851905590692951,0.014809440930704954,0.0,0.9851905590692951,0.01147192865826447,0.0033375122724404846,0.01147192865826447,0.9885280713417356,1.0,0.0
HU,1996,0.9851905590692951,0.014809440930704954,0.0,0.9851905590692951,0.01147192865826447,0.0033375122724404846,0.01147192865826447,0.9885280713417356,1.0,0.0
HU,1997,0.9851905590692951,0.014809440930704954,0.0,0.9851905590692951,0.01147192865826447,0.0033375122724404846,0.01147192865826447,0.9885280713417356,1.0,0.0
HU,1998,0.9851905590692951,0.014809440930704954,0.0,0.9851905590692951,0.01147192865826447,0.0033375122724404846,0.01147192865826447,0.9885280713417356,1.0,0.0
HU,1999,0.9851905590692951,0.014809440930704954,0.0,0.9851905590692951,0.01147192865826447,0.0033375122724404846,0.01147192865826447,0.9885280713417356,1.0,0.0
HU,2000,0.9851905590692951,0.014809440930704954,0.0,0.9851905590692951,0.01147192865826447,0.0033375122724404846,0.01147192865826447,0.9885280713417356,1.0,0.0
HU,2001,0.9851905590692951,0.014809440930704954,0.0,0.9851905590692951,0.01147192865826447,0.0033375122724404846,0.01147192865826447,0.9885280713417356,1.0,0.0
HU,2002,0.9851905590692951,0.014809440930704954,0.0,0.9851905590692951,0.01147192865826447,0.0033375122724404846,0.01147192865826447,0.9885280713417356,1.0,0.0
HU,2003,0.9851905590692951,0.014809440930704954,0.0,0.9851905590692951,0.01147192865826447,0.0033375122724404846,0.01147192865826447,0.9885280713417356,1.0,0.0
HU,2004,0.9851905590692951,0.014809440930704954,0.0,0.9851905590692951,0.01147192865826447,0.0033375122724404846,0.01147192865826447,0.9885280713417356,1.0,0.0
HU,2005,0.9851905590692951,0.014809440930704954,0.0,0.9851905590692951,0.01147192865826447,0.0033375122724404846,0.01147192865826447,0.9885280713417356,1.0,0.0
HU,2006,0.9851905590692951,0.014809440930704954,0.0,0.9851905590692951,0.01147192865826447,0.0033375122724404846,0.01147192865826447,0.9885280713417356,1.0,0.0
HU,2007,0.9851905590692951,0.014809440930704954,0.0,0.9851905590692951,0.01147192865826447,0.0033375122724404846,0.01147192865826447,0.9885280713417356,1.0,0.0
HU,2008,0.9851905590692951,0.014809440930704954,0.0,0.9851905590692951,0.01147192865826447,0.0033375122724404846,0.01147192865826447,0.9885280713417356,1.0,0.0
HU,2009,0.9851905590692951,0.014809440930704954,0.0,0.9851905590692951,0.01147192865826447,0.0033375122724404846,0.01147192865826447,0.9885280713417356,1.0,0.0
HU,2010,0.9851905590692951,0.014809440930704954,0.0,0.9851905590692951,0.01147192865826447,0.0033375122724404846,0.01147192865826447,0.9885280713417356,1.0,0.0
HU,2011,0.9851905590692951,0.014809440930704954,0.0,0.9851905590692951,0.01147192865826447,0.0033375122724404846,0.01147192865826447,0.9885280713417356,1.0,0.0
HU,2012,0.9851905590692951,0.014809440930704954,0.0,0.9851905590692951,0.01147192865826447,0.0033375122724404846,0.01147192865826447,0.9885280713417356,1.0,0.0
HU,2013,0.9851905590692951,0.014809440930704954,0.0,0.9851905590692951,0.01147192865826447,0.0033375122724404846,0.01147192865826447,0.9885280713417356,1.0,0.0
HU,2014,0.9851905590692951,0.014809440930704954,0.0,0.9851905590692951,0.01147192865826447,0.0033375122724404846,0.01147192865826447,0.9885280713417356,1.0,0.0
HU,2015,0.9851905590692951,0.014809440930704954,0.0,0.9851905590692951,0.01147192865826447,0.0033375122724404846,0.01147192865826447,0.9885280713417356,1.0,0.0
HU,2016,0.9851905590692951,0.014809440930704954,0.0,0.9851905590692951,0.01147192865826447,0.0033375122724404846,0.01147192865826447,0.9885280713417356,1.0,0.0
HU,2017,0.9851905590692951,0.014809440930704954,0.0,0.9851905590692951,0.01147192865826447,0.0033375122724404846,0.01147192865826447,0.9885280713417356,1.0,0.0
HU,2018,0.9851905590692951,0.014809440930704954,0.0,0.9851905590692951,0.01147192865826447,0.0033375122724404846,0.01147192865826447,0.9885280713417356,1.0,0.0
HU,2019,0.9851905590692951,0.014809440930704954,0.0,0.9851905590692951,0.01147192865826447,0.0033375122724404846,0.01147192865826447,0.9885280713417356,1.0,0.0
HU,2020,0.9851905590692951,0.014809440930704954,0.0,0.9851905590692951,0.01147192865826447,0.0033375122724404846,0.01147192865826447,0.9885280713417356,1.0,0.0
HU,2021,0.9851905590692951,0.014809440930704954,0.0,0.9851905590692951,0.01147192865826447,0.0033375122724404846,0.01147192865826447,0.9885280713417356,1.0,0.0
IE,1990,0.9815750778588602,0.018424922141139752,0.005352144722052435,0.9766703233280974,0.009403330330682406,0.009021591733438097,0.014755475052734841,0.9856919154466317,0.3859287616778672,0.6140712383221327
IE,1991,0.9815750778588602,0.018424922141139752,0.005352144722052435,0.9766703233280974,0.009403330330682406,0.009021591733438097,0.014755475052734841,0.9856919154466317,0.3859287616778672,0.6140712383221327
IE,1992,0.9815750778588602,0.018424922141139752,0.005352144722052435,0.9766703233280974,0.009403330330682406,0.009021591733438097,0.014755475052734841,0.9856919154466317,0.3859287616778672,0.6140712383221327
IE,1993,0.9815750778588602,0.018424922141139752,0.005352144722052435,0.9766703233280974,0.009403330330682406,0.009021591733438097,0.014755475052734841,0.9856919154466317,0.3859287616778672,0.6140712383221327
IE,1994,0.9815750778588602,0.018424922141139752,0.005352144722052435,0.9766703233280974,0.009403330330682406,0.009021591733438097,0.014755475052734841,0.9856919154466317,0.3859287616778672,0.6140712383221327
IE,1995,0.9815750778588602,0.018424922141139752,0.005352144722052435,0.9766703233280974,0.009403330330682406,0.009021591733438097,0.014755475052734841,0.9856919154466317,0.3859287616778672,0.6140712383221327
IE,1996,0.9815750778588602,0.018424922141139752,0.005352144722052435,0.9766703233280974,0.009403330330682406,0.009021591733438097,0.014755475052734841,0.9856919154466317,0.3859287616778672,0.6140712383221327
IE,1997,0.9815750778588602,0.018424922141139752,0.005352144722052435,0.9766703233280974,0.009403330330682406,0.009021591733438097,0.014755475052734841,0.9856919154466317,0.3859287616778672,0.6140712383221327
IE,1998,0.9815750778588602,0.018424922141139752,0.005352144722052435,0.9766703233280974,0.009403330330682406,0.009021591733438097,0.014755475052734841,0.9856919154466317,0.3859287616778672,0.6140712383221327
IE,1999,0.9815750778588602,0.018424922141139752,0.005352144722052435,0.9766703233280974,0.009403330330682406,0.009021591733438097,0.014755475052734841,0.9856919154466317,0.3859287616778672,0.6140712383221327
IE,2000,0.9815750778588602,0.018424922141139752,0.005352144722052435,0.9766703233280974,0.009403330330682406,0.009021591733438097,0.014755475052734841,0.9856919154466317,0.3859287616778672,0.6140712383221327
IE,2001,0.9815750778588602,0.018424922141139752,0.005352144722052435,0.9766703233280974,0.009403330330682406,0.009021591733438097,0.014755475052734841,0.9856919154466317,0.3859287616778672,0.6140712383221327
IE,2002,0.9815750778588602,0.018424922141139752,0.005352144722052435,0.9766703233280974,0.009403330330682406,0.009021591733438097,0.014755475052734841,0.9856919154466317,0.3859287616778672,0.6140712383221327
IE,2003,0.9815750778588602,0.018424922141139752,0.005352144722052435,0.9766703233280974,0.009403330330682406,0.009021591733438097,0.014755475052734841,0.9856919154466317,0.3859287616778672,0.6140712383221327
IE,2004,0.9815750778588602,0.018424922141139752,0.005352144722052435,0.9766703233280974,0.009403330330682406,0.009021591733438097,0.014755475052734841,0.9856919154466317,0.3859287616778672,0.6140712383221327
IE,2005,0.9815750778588602,0.018424922141139752,0.005352144722052435,0.9766703233280974,0.009403330330682406,0.009021591733438097,0.014755475052734841,0.9856919154466317,0.3859287616778672,0.6140712383221327
IE,2006,0.9815750778588602,0.018424922141139752,0.005352144722052435,0.9766703233280974,0.009403330330682406,0.009021591733438097,0.014755475052734841,0.9856919154466317,0.3859287616778672,0.6140712383221327
IE,2007,0.9815750778588602,0.018424922141139752,0.005352144722052435,0.9766703233280974,0.009403330330682406,0.009021591733438097,0.014755475052734841,0.9856919154466317,0.3859287616778672,0.6140712383221327
IE,2008,0.9815750778588602,0.018424922141139752,0.005352144722052435,0.9766703233280974,0.009403330330682406,0.009021591733438097,0.014755475052734841,0.9856919154466317,0.3859287616778672,0.6140712383221327
IE,2009,0.9815750778588602,0.018424922141139752,0.005352144722052435,0.9766703233280974,0.009403330330682406,0.009021591733438097,0.014755475052734841,0.9856919154466317,0.3859287616778672,0.6140712383221327
IE,2010,0.9815750778588602,0.018424922141139752,0.005352144722052435,0.9766703233280974,0.009403330330682406,0.009021591733438097,0.014755475052734841,0.9856919154466317,0.3859287616778672,0.6140712383221327
IE,2011,0.9815750778588602,0.018424922141139752,0.005352144722052435,0.9766703233280974,0.009403330330682406,0.009021591733438097,0.014755475052734841,0.9856919154466317,0.3859287616778672,0.6140712383221327
IE,2012,0.9815750778588602,0.018424922141139752,0.005352144722052435,0.9766703233280974,0.009403330330682406,0.009021591733438097,0.014755475052734841,0.9856919154466317,0.3859287616778672,0.6140712383221327
IE,2013,0.9815750778588602,0.018424922141139752,0.005352144722052435,0.9766703233280974,0.009403330330682406,0.009021591733438097,0.014755475052734841,0.9856919154466317,0.3859287616778672,0.6140712383221327
IE,2014,0.9815750778588602,0.018424922141139752,0.005352144722052435,0.9766703233280974,0.009403330330682406,0.009021591733438097,0.014755475052734841,0.9856919154466317,0.3859287616778672,0.6140712383221327
IE,2015,0.9815750778588602,0.018424922141139752,0.005352144722052435,0.9766703233280974,0.009403330330682406,0.009021591733438097,0.014755475052734841,0.9856919154466317,0.3859287616778672,0.6140712383221327
IE,2016,0.9815750778588602,0.018424922141139752,0.005352144722052435,0.9766703233280974,0.009403330330682406,0.009021591733438097,0.014755475052734841,0.9856919154466317,0.3859287616778672,0.6140712383221327
IE,2017,0.9815750778588602,0.018424922141139752,0.005352144722052435,0.9766703233280974,0.009403330330682406,0.009021591733438097,0.014755475052734841,0.9856919154466317,0.3859287616778672,0.6140712383221327
IE,2018,0.9815750778588602,0.018424922141139752,0.005352144722052435,0.9766703233280974,0.009403330330682406,0.009021591733438097,0.014755475052734841,0.9856919154466317,0.3859287616778672,0.6140712383221327
IE,2019,0.9815750778588602,0.018424922141139752,0.005352144722052435,0.9766703233280974,0.009403330330682406,0.009021591733438097,0.014755475052734841,0.9856919154466317,0.3859287616778672,0.6140712383221327
IE,2020,0.9815750778588602,0.018424922141139752,0.005352144722052435,0.9766703233280974,0.009403330330682406,0.009021591733438097,0.014755475052734841,0.9856919154466317,0.3859287616778672,0.6140712383221327
IE,2021,0.9815750778588602,0.018424922141139752,0.005352144722052435,0.9766703233280974,0.009403330330682406,0.009021591733438097,0.014755475052734841,0.9856919154466317,0.3859287616778672,0.6140712383221327
IT,1990,0.9483448742835218,0.051655125716478296,0.18596905370643974,0.7640897049004519,0.008450853204624546,0.04320427251185375,0.19441990699925102,0.8072939774475805,0.18502525182995716,0.8149747481700429
IT,1991,0.9483448742835218,0.051655125716478296,0.18596905370643974,0.7640897049004519,0.008450853204624546,0.04320427251185375,0.19441990699925102,0.8072939774475805,0.18502525182995716,0.8149747481700429
IT,1992,0.9483448742835218,0.051655125716478296,0.18596905370643974,0.7640897049004519,0.008450853204624546,0.04320427251185375,0.19441990699925102,0.8072939774475805,0.18502525182995716,0.8149747481700429
IT,1993,0.9483448742835218,0.051655125716478296,0.18596905370643974,0.7640897049004519,0.008450853204624546,0.04320427251185375,0.19441990699925102,0.8072939774475805,0.18502525182995716,0.8149747481700429
IT,1994,0.9483448742835218,0.051655125716478296,0.18596905370643974,0.7640897049004519,0.008450853204624546,0.04320427251185375,0.19441990699925102,0.8072939774475805,0.18502525182995716,0.8149747481700429
IT,1995,0.9483448742835218,0.051655125716478296,0.18596905370643974,0.7640897049004519,0.008450853204624546,0.04320427251185375,0.19441990699925102,0.8072939774475805,0.18502525182995716,0.8149747481700429
IT,1996,0.9483448742835218,0.051655125716478296,0.18596905370643974,0.7640897049004519,0.008450853204624546,0.04320427251185375,0.19441990699925102,0.8072939774475805,0.18502525182995716,0.8149747481700429
IT,1997,0.9483448742835218,0.051655125716478296,0.18596905370643974,0.7640897049004519,0.008450853204624546,0.04320427251185375,0.19441990699925102,0.8072939774475805,0.18502525182995716,0.8149747481700429
IT,1998,0.9483448742835218,0.051655125716478296,0.18596905370643974,0.7640897049004519,0.008450853204624546,0.04320427251185375,0.19441990699925102,0.8072939774475805,0.18502525182995716,0.8149747481700429
IT,1999,0.9483448742835218,0.051655125716478296,0.18596905370643974,0.7640897049004519,0.008450853204624546,0.04320427251185375,0.19441990699925102,0.8072939774475805,0.18502525182995716,0.8149747481700429
IT,2000,0.9483448742835218,0.051655125716478296,0.18596905370643974,0.7640897049004519,0.008450853204624546,0.04320427251185375,0.19441990699925102,0.8072939774475805,0.18502525182995716,0.8149747481700429
IT,2001,0.9483448742835218,0.051655125716478296,0.18596905370643974,0.7640897049004519,0.008450853204624546,0.04320427251185375,0.19441990699925102,0.8072939774475805,0.18502525182995716,0.8149747481700429
IT,2002,0.9483448742835218,0.051655125716478296,0.18596905370643974,0.7640897049004519,0.008450853204624546,0.04320427251185375,0.19441990699925102,0.8072939774475805,0.18502525182995716,0.8149747481700429
IT,2003,0.9483448742835218,0.051655125716478296,0.18596905370643974,0.7640897049004519,0.008450853204624546,0.04320427251185375,0.19441990699925102,0.8072939774475805,0.18502525182995716,0.8149747481700429
IT,2004,0.9483448742835218,0.051655125716478296,0.18596905370643974,0.7640897049004519,0.008450853204624546,0.04320427251185375,0.19441990699925102,0.8072939774475805,0.18502525182995716,0.8149747481700429
IT,2005,0.9483448742835218,0.051655125716478296,0.18596905370643974,0.7640897049004519,0.008450853204624546,0.04320427251185375,0.19441990699925102,0.8072939774475805,0.18502525182995716,0.8149747481700429
IT,2006,0.9483448742835218,0.051655125716478296,0.18596905370643974,0.7640897049004519,0.008450853204624546,0.04320427251185375,0.19441990699925102,0.8072939774475805,0.18502525182995716,0.8149747481700429
IT,2007,0.9483448742835218,0.051655125716478296,0.18596905370643974,0.7640897049004519,0.008450853204624546,0.04320427251185375,0.19441990699925102,0.8072939774475805,0.18502525182995716,0.8149747481700429
IT,2008,0.9483448742835218,0.051655125716478296,0.18596905370643974,0.7640897049004519,0.008450853204624546,0.04320427251185375,0.19441990699925102,0.8072939774475805,0.18502525182995716,0.8149747481700429
IT,2009,0.9483448742835218,0.051655125716478296,0.18596905370643974,0.7640897049004519,0.008450853204624546,0.04320427251185375,0.19441990699925102,0.8072939774475805,0.18502525182995716,0.8149747481700429
IT,2010,0.9483448742835218,0.051655125716478296,0.18596905370643974,0.7640897049004519,0.008450853204624546,0.04320427251185375,0.19441990699925102,0.8072939774475805,0.18502525182995716,0.8149747481700429
IT,2011,0.9483448742835218,0.051655125716478296,0.18596905370643974,0.7640897049004519,0.008450853204624546,0.04320427251185375,0.19441990699925102,0.8072939774475805,0.18502525182995716,0.8149747481700429
IT,2012,0.9483448742835218,0.051655125716478296,0.18596905370643974,0.7640897049004519,0.008450853204624546,0.04320427251185375,0.19441990699925102,0.8072939774475805,0.18502525182995716,0.8149747481700429
IT,2013,0.9483448742835218,0.051655125716478296,0.18596905370643974,0.7640897049004519,0.008450853204624546,0.04320427251185375,0.19441990699925102,0.8072939774475805,0.18502525182995716,0.8149747481700429
IT,2014,0.9483448742835218,0.051655125716478296,0.18596905370643974,0.7640897049004519,0.008450853204624546,0.04320427251185375,0.19441990699925102,0.8072939774475805,0.18502525182995716,0.8149747481700429
IT,2015,0.9483448742835218,0.051655125716478296,0.18596905370643974,0.7640897049004519,0.008450853204624546,0.04320427251185375,0.19441990699925102,0.8072939774475805,0.18502525182995716,0.8149747481700429
IT,2016,0.9483448742835218,0.051655125716478296,0.18596905370643974,0.7640897049004519,0.008450853204624546,0.04320427251185375,0.19441990699925102,0.8072939774475805,0.18502525182995716,0.8149747481700429
IT,2017,0.9483448742835218,0.051655125716478296,0.18596905370643974,0.7640897049004519,0.008450853204624546,0.04320427251185375,0.19441990699925102,0.8072939774475805,0.18502525182995716,0.8149747481700429
IT,2018,0.9483448742835218,0.051655125716478296,0.18596905370643974,0.7640897049004519,0.008450853204624546,0.04320427251185375,0.19441990699925102,0.8072939774475805,0.18502525182995716,0.8149747481700429
IT,2019,0.9483448742835218,0.051655125716478296,0.18596905370643974,0.7640897049004519,0.008450853204624546,0.04320427251185375,0.19441990699925102,0.8072939774475805,0.18502525182995716,0.8149747481700429
IT,2020,0.9483448742835218,0.051655125716478296,0.18596905370643974,0.7640897049004519,0.008450853204624546,0.04320427251185375,0.19441990699925102,0.8072939774475805,0.18502525182995716,0.8149747481700429
IT,2021,0.9483448742835218,0.051655125716478296,0.18596905370643974,0.7640897049004519,0.008450853204624546,0.04320427251185375,0.19441990699925102,0.8072939774475805,0.18502525182995716,0.8149747481700429
LT,1990,0.9909240070252696,0.009075992974730366,0.0,0.9909240070252696,0.008647478021629408,0.00042851425587292605,0.008647478021629408,0.9913525219783706,0.02664295974453159,0.9733570402554684
LT,1991,0.9909240070252696,0.009075992974730366,0.0,0.9909240070252696,0.008647478021629408,0.00042851425587292605,0.008647478021629408,0.9913525219783706,0.02664295974453159,0.9733570402554684
LT,1992,0.9909240070252696,0.009075992974730366,0.0,0.9909240070252696,0.008647478021629408,0.00042851425587292605,0.008647478021629408,0.9913525219783706,0.02664295974453159,0.9733570402554684
LT,1993,0.9909240070252696,0.009075992974730366,0.0,0.9909240070252696,0.008647478021629408,0.00042851425587292605,0.008647478021629408,0.9913525219783706,0.02664295974453159,0.9733570402554684
LT,1994,0.9909240070252696,0.009075992974730366,0.0,0.9909240070252696,0.008647478021629408,0.00042851425587292605,0.008647478021629408,0.9913525219783706,0.02664295974453159,0.9733570402554684
LT,1995,0.9909240070252696,0.009075992974730366,0.0,0.9909240070252696,0.008647478021629408,0.00042851425587292605,0.008647478021629408,0.9913525219783706,0.02664295974453159,0.9733570402554684
LT,1996,0.9909240070252696,0.009075992974730366,0.0,0.9909240070252696,0.008647478021629408,0.00042851425587292605,0.008647478021629408,0.9913525219783706,0.02664295974453159,0.9733570402554684
LT,1997,0.9909240070252696,0.009075992974730366,0.0,0.9909240070252696,0.008647478021629408,0.00042851425587292605,0.008647478021629408,0.9913525219783706,0.02664295974453159,0.9733570402554684
LT,1998,0.9909240070252696,0.009075992974730366,0.0,0.9909240070252696,0.008647478021629408,0.00042851425587292605,0.008647478021629408,0.9913525219783706,0.02664295974453159,0.9733570402554684
LT,1999,0.9909240070252696,0.009075992974730366,0.0,0.9909240070252696,0.008647478021629408,0.00042851425587292605,0.008647478021629408,0.9913525219783706,0.02664295974453159,0.9733570402554684
LT,2000,0.9909240070252696,0.009075992974730366,0.0,0.9909240070252696,0.008647478021629408,0.00042851425587292605,0.008647478021629408,0.9913525219783706,0.02664295974453159,0.9733570402554684
LT,2001,0.9909240070252696,0.009075992974730366,0.0,0.9909240070252696,0.008647478021629408,0.00042851425587292605,0.008647478021629408,0.9913525219783706,0.02664295974453159,0.9733570402554684
LT,2002,0.9909240070252696,0.009075992974730366,0.0,0.9909240070252696,0.008647478021629408,0.00042851425587292605,0.008647478021629408,0.9913525219783706,0.02664295974453159,0.9733570402554684
LT,2003,0.9909240070252696,0.009075992974730366,0.0,0.9909240070252696,0.008647478021629408,0.00042851425587292605,0.008647478021629408,0.9913525219783706,0.02664295974453159,0.9733570402554684
LT,2004,0.9909240070252696,0.009075992974730366,0.0,0.9909240070252696,0.008647478021629408,0.00042851425587292605,0.008647478021629408,0.9913525219783706,0.02664295974453159,0.9733570402554684
LT,2005,0.9909240070252696,0.009075992974730366,0.0,0.9909240070252696,0.008647478021629408,0.00042851425587292605,0.008647478021629408,0.9913525219783706,0.02664295974453159,0.9733570402554684
LT,2006,0.9909240070252696,0.009075992974730366,0.0,0.9909240070252696,0.008647478021629408,0.00042851425587292605,0.008647478021629408,0.9913525219783706,0.02664295974453159,0.9733570402554684
LT,2007,0.9909240070252696,0.009075992974730366,0.0,0.9909240070252696,0.008647478021629408,0.00042851425587292605,0.008647478021629408,0.9913525219783706,0.02664295974453159,0.9733570402554684
LT,2008,0.9909240070252696,0.009075992974730366,0.0,0.9909240070252696,0.008647478021629408,0.00042851425587292605,0.008647478021629408,0.9913525219783706,0.02664295974453159,0.9733570402554684
LT,2009,0.9909240070252696,0.009075992974730366,0.0,0.9909240070252696,0.008647478021629408,0.00042851425587292605,0.008647478021629408,0.9913525219783706,0.02664295974453159,0.9733570402554684
LT,2010,0.9909240070252696,0.009075992974730366,0.0,0.9909240070252696,0.008647478021629408,0.00042851425587292605,0.008647478021629408,0.9913525219783706,0.02664295974453159,0.9733570402554684
LT,2011,0.9909240070252696,0.009075992974730366,0.0,0.9909240070252696,0.008647478021629408,0.00042851425587292605,0.008647478021629408,0.9913525219783706,0.02664295974453159,0.9733570402554684
LT,2012,0.9909240070252696,0.009075992974730366,0.0,0.9909240070252696,0.008647478021629408,0.00042851425587292605,0.008647478021629408,0.9913525219783706,0.02664295974453159,0.9733570402554684
LT,2013,0.9909240070252696,0.009075992974730366,0.0,0.9909240070252696,0.008647478021629408,0.00042851425587292605,0.008647478021629408,0.9913525219783706,0.02664295974453159,0.9733570402554684
LT,2014,0.9909240070252696,0.009075992974730366,0.0,0.9909240070252696,0.008647478021629408,0.00042851425587292605,0.008647478021629408,0.9913525219783706,0.02664295974453159,0.9733570402554684
LT,2015,0.9909240070252696,0.009075992974730366,0.0,0.9909240070252696,0.008647478021629408,0.00042851425587292605,0.008647478021629408,0.9913525219783706,0.02664295974453159,0.9733570402554684
LT,2016,0.9909240070252696,0.009075992974730366,0.0,0.9909240070252696,0.008647478021629408,0.00042851425587292605,0.008647478021629408,0.9913525219783706,0.02664295974453159,0.9733570402554684
LT,2017,0.9909240070252696,0.009075992974730366,0.0,0.9909240070252696,0.008647478021629408,0.00042851425587292605,0.008647478021629408,0.9913525219783706,0.02664295974453159,0.9733570402554684
LT,2018,0.9909240070252696,0.009075992974730366,0.0,0.9909240070252696,0.008647478021629408,0.00042851425587292605,0.008647478021629408,0.9913525219783706,0.02664295974453159,0.9733570402554684
LT,2019,0.9909240070252696,0.009075992974730366,0.0,0.9909240070252696,0.008647478021629408,0.00042851425587292605,0.008647478021629408,0.9913525219783706,0.02664295974453159,0.9733570402554684
LT,2020,0.9909240070252696,0.009075992974730366,0.0,0.9909240070252696,0.008647478021629408,0.00042851425587292605,0.008647478021629408,0.9913525219783706,0.02664295974453159,0.9733570402554684
LT,2021,0.9909240070252696,0.009075992974730366,0.0,0.9909240070252696,0.008647478021629408,0.00042851425587292605,0.008647478021629408,0.9913525219783706,0.02664295974453159,0.9733570402554684
LU,1990,0.5175675719667389,0.48243242803326103,0.0,0.5175675719667389,0.0177488479094447,0.46468358012381633,0.0177488479094447,0.9822511520905552,1.0,0.0
LU,1991,0.5175675719667389,0.48243242803326103,0.0,0.5175675719667389,0.0177488479094447,0.46468358012381633,0.0177488479094447,0.9822511520905552,1.0,0.0
LU,1992,0.5175675719667389,0.48243242803326103,0.0,0.5175675719667389,0.0177488479094447,0.46468358012381633,0.0177488479094447,0.9822511520905552,1.0,0.0
LU,1993,0.5175675719667389,0.48243242803326103,0.0,0.5175675719667389,0.0177488479094447,0.46468358012381633,0.0177488479094447,0.9822511520905552,1.0,0.0
LU,1994,0.5175675719667389,0.48243242803326103,0.0,0.5175675719667389,0.0177488479094447,0.46468358012381633,0.0177488479094447,0.9822511520905552,1.0,0.0
LU,1995,0.5175675719667389,0.48243242803326103,0.0,0.5175675719667389,0.0177488479094447,0.46468358012381633,0.0177488479094447,0.9822511520905552,1.0,0.0
LU,1996,0.5175675719667389,0.48243242803326103,0.0,0.5175675719667389,0.0177488479094447,0.46468358012381633,0.0177488479094447,0.9822511520905552,1.0,0.0
LU,1997,0.5175675719667389,0.48243242803326103,0.0,0.5175675719667389,0.0177488479094447,0.46468358012381633,0.0177488479094447,0.9822511520905552,1.0,0.0
LU,1998,0.5175675719667389,0.48243242803326103,0.0,0.5175675719667389,0.0177488479094447,0.46468358012381633,0.0177488479094447,0.9822511520905552,1.0,0.0
LU,1999,0.5175675719667389,0.48243242803326103,0.0,0.5175675719667389,0.0177488479094447,0.46468358012381633,0.0177488479094447,0.9822511520905552,1.0,0.0
LU,2000,0.5175675719667389,0.48243242803326103,0.0,0.5175675719667389,0.0177488479094447,0.46468358012381633,0.0177488479094447,0.9822511520905552,1.0,0.0
LU,2001,0.5175675719667389,0.48243242803326103,0.0,0.5175675719667389,0.0177488479094447,0.46468358012381633,0.0177488479094447,0.9822511520905552,1.0,0.0
LU,2002,0.5175675719667389,0.48243242803326103,0.0,0.5175675719667389,0.0177488479094447,0.46468358012381633,0.0177488479094447,0.9822511520905552,1.0,0.0
LU,2003,0.5175675719667389,0.48243242803326103,0.0,0.5175675719667389,0.0177488479094447,0.46468358012381633,0.0177488479094447,0.9822511520905552,1.0,0.0
LU,2004,0.5175675719667389,0.48243242803326103,0.0,0.5175675719667389,0.0177488479094447,0.46468358012381633,0.0177488479094447,0.9822511520905552,1.0,0.0
LU,2005,0.5175675719667389,0.48243242803326103,0.0,0.5175675719667389,0.0177488479094447,0.46468358012381633,0.0177488479094447,0.9822511520905552,1.0,0.0
LU,2006,0.5175675719667389,0.48243242803326103,0.0,0.5175675719667389,0.0177488479094447,0.46468358012381633,0.0177488479094447,0.9822511520905552,1.0,0.0
LU,2007,0.5175675719667389,0.48243242803326103,0.0,0.5175675719667389,0.0177488479094447,0.46468358012381633,0.0177488479094447,0.9822511520905552,1.0,0.0
LU,2008,0.5175675719667389,0.48243242803326103,0.0,0.5175675719667389,0.0177488479094447,0.46468358012381633,0.0177488479094447,0.9822511520905552,1.0,0.0
LU,2009,0.5175675719667389,0.48243242803326103,0.0,0.5175675719667389,0.0177488479094447,0.46468358012381633,0.0177488479094447,0.9822511520905552,1.0,0.0
LU,2010,0.5175675719667389,0.48243242803326103,0.0,0.5175675719667389,0.0177488479094447,0.46468358012381633,0.0177488479094447,0.9822511520905552,1.0,0.0
LU,2011,0.5175675719667389,0.48243242803326103,0.0,0.5175675719667389,0.0177488479094447,0.46468358012381633,0.0177488479094447,0.9822511520905552,1.0,0.0
LU,2012,0.5175675719667389,0.48243242803326103,0.0,0.5175675719667389,0.0177488479094447,0.46468358012381633,0.0177488479094447,0.9822511520905552,1.0,0.0
LU,2013,0.5175675719667389,0.48243242803326103,0.0,0.5175675719667389,0.0177488479094447,0.46468358012381633,0.0177488479094447,0.9822511520905552,1.0,0.0
LU,2014,0.5175675719667389,0.48243242803326103,0.0,0.5175675719667389,0.0177488479094447,0.46468358012381633,0.0177488479094447,0.9822511520905552,1.0,0.0
LU,2015,0.5175675719667389,0.48243242803326103,0.0,0.5175675719667389,0.0177488479094447,0.46468358012381633,0.0177488479094447,0.9822511520905552,1.0,0.0
LU,2016,0.5175675719667389,0.48243242803326103,0.0,0.5175675719667389,0.0177488479094447,0.46468358012381633,0.0177488479094447,0.9822511520905552,1.0,0.0
LU,2017,0.5175675719667389,0.48243242803326103,0.0,0.5175675719667389,0.0177488479094447,0.46468358012381633,0.0177488479094447,0.9822511520905552,1.0,0.0
LU,2018,0.5175675719667389,0.48243242803326103,0.0,0.5175675719667389,0.0177488479094447,0.46468358012381633,0.0177488479094447,0.9822511520905552,1.0,0.0
LU,2019,0.5175675719667389,0.48243242803326103,0.0,0.5175675719667389,0.0177488479094447,0.46468358012381633,0.0177488479094447,0.9822511520905552,1.0,0.0
LU,2020,0.5175675719667389,0.48243242803326103,0.0,0.5175675719667389,0.0177488479094447,0.46468358012381633,0.0177488479094447,0.9822511520905552,1.0,0.0
LU,2021,0.5175675719667389,0.48243242803326103,0.0,0.5175675719667389,0.0177488479094447,0.46468358012381633,0.0177488479094447,0.9822511520905552,1.0,0.0
LV,1990,0.9872317584358157,0.012768241564184327,0.0,0.9872317584358157,0.008588629913698891,0.004179612198568189,0.008588629913698891,0.9914113700863012,0.005879286555062339,0.9941207134449377
LV,1991,0.9872317584358157,0.012768241564184327,0.0,0.9872317584358157,0.008588629913698891,0.004179612198568189,0.008588629913698891,0.9914113700863012,0.005879286555062339,0.9941207134449377
LV,1992,0.9872317584358157,0.012768241564184327,0.0,0.9872317584358157,0.008588629913698891,0.004179612198568189,0.008588629913698891,0.9914113700863012,0.005879286555062339,0.9941207134449377
LV,1993,0.9872317584358157,0.012768241564184327,0.0,0.9872317584358157,0.008588629913698891,0.004179612198568189,0.008588629913698891,0.9914113700863012,0.005879286555062339,0.9941207134449377
LV,1994,0.9872317584358157,0.012768241564184327,0.0,0.9872317584358157,0.008588629913698891,0.004179612198568189,0.008588629913698891,0.9914113700863012,0.005879286555062339,0.9941207134449377
LV,1995,0.9872317584358157,0.012768241564184327,0.0,0.9872317584358157,0.008588629913698891,0.004179612198568189,0.008588629913698891,0.9914113700863012,0.005879286555062339,0.9941207134449377
LV,1996,0.9872317584358157,0.012768241564184327,0.0,0.9872317584358157,0.008588629913698891,0.004179612198568189,0.008588629913698891,0.9914113700863012,0.005879286555062339,0.9941207134449377
LV,1997,0.9872317584358157,0.012768241564184327,0.0,0.9872317584358157,0.008588629913698891,0.004179612198568189,0.008588629913698891,0.9914113700863012,0.005879286555062339,0.9941207134449377
LV,1998,0.9872317584358157,0.012768241564184327,0.0,0.9872317584358157,0.008588629913698891,0.004179612198568189,0.008588629913698891,0.9914113700863012,0.005879286555062339,0.9941207134449377
LV,1999,0.9872317584358157,0.012768241564184327,0.0,0.9872317584358157,0.008588629913698891,0.004179612198568189,0.008588629913698891,0.9914113700863012,0.005879286555062339,0.9941207134449377
LV,2000,0.9872317584358157,0.012768241564184327,0.0,0.9872317584358157,0.008588629913698891,0.004179612198568189,0.008588629913698891,0.9914113700863012,0.005879286555062339,0.9941207134449377
LV,2001,0.9872317584358157,0.012768241564184327,0.0,0.9872317584358157,0.008588629913698891,0.004179612198568189,0.008588629913698891,0.9914113700863012,0.005879286555062339,0.9941207134449377
LV,2002,0.9872317584358157,0.012768241564184327,0.0,0.9872317584358157,0.008588629913698891,0.004179612198568189,0.008588629913698891,0.9914113700863012,0.005879286555062339,0.9941207134449377
LV,2003,0.9872317584358157,0.012768241564184327,0.0,0.9872317584358157,0.008588629913698891,0.004179612198568189,0.008588629913698891,0.9914113700863012,0.005879286555062339,0.9941207134449377
LV,2004,0.9872317584358157,0.012768241564184327,0.0,0.9872317584358157,0.008588629913698891,0.004179612198568189,0.008588629913698891,0.9914113700863012,0.005879286555062339,0.9941207134449377
LV,2005,0.9872317584358157,0.012768241564184327,0.0,0.9872317584358157,0.008588629913698891,0.004179612198568189,0.008588629913698891,0.9914113700863012,0.005879286555062339,0.9941207134449377
LV,2006,0.9872317584358157,0.012768241564184327,0.0,0.9872317584358157,0.008588629913698891,0.004179612198568189,0.008588629913698891,0.9914113700863012,0.005879286555062339,0.9941207134449377
LV,2007,0.9872317584358157,0.012768241564184327,0.0,0.9872317584358157,0.008588629913698891,0.004179612198568189,0.008588629913698891,0.9914113700863012,0.005879286555062339,0.9941207134449377
LV,2008,0.9872317584358157,0.012768241564184327,0.0,0.9872317584358157,0.008588629913698891,0.004179612198568189,0.008588629913698891,0.9914113700863012,0.005879286555062339,0.9941207134449377
LV,2009,0.9872317584358157,0.012768241564184327,0.0,0.9872317584358157,0.008588629913698891,0.004179612198568189,0.008588629913698891,0.9914113700863012,0.005879286555062339,0.9941207134449377
LV,2010,0.9872317584358157,0.012768241564184327,0.0,0.9872317584358157,0.008588629913698891,0.004179612198568189,0.008588629913698891,0.9914113700863012,0.005879286555062339,0.9941207134449377
LV,2011,0.9872317584358157,0.012768241564184327,0.0,0.9872317584358157,0.008588629913698891,0.004179612198568189,0.008588629913698891,0.9914113700863012,0.005879286555062339,0.9941207134449377
LV,2012,0.9872317584358157,0.012768241564184327,0.0,0.9872317584358157,0.008588629913698891,0.004179612198568189,0.008588629913698891,0.9914113700863012,0.005879286555062339,0.9941207134449377
LV,2013,0.9872317584358157,0.012768241564184327,0.0,0.9872317584358157,0.008588629913698891,0.004179612198568189,0.008588629913698891,0.9914113700863012,0.005879286555062339,0.9941207134449377
LV,2014,0.9872317584358157,0.012768241564184327,0.0,0.9872317584358157,0.008588629913698891,0.004179612198568189,0.008588629913698891,0.9914113700863012,0.005879286555062339,0.9941207134449377
LV,2015,0.9872317584358157,0.012768241564184327,0.0,0.9872317584358157,0.008588629913698891,0.004179612198568189,0.008588629913698891,0.9914113700863012,0.005879286555062339,0.9941207134449377
LV,2016,0.9872317584358157,0.012768241564184327,0.0,0.9872317584358157,0.008588629913698891,0.004179612198568189,0.008588629913698891,0.9914113700863012,0.005879286555062339,0.9941207134449377
LV,2017,0.9872317584358157,0.012768241564184327,0.0,0.9872317584358157,0.008588629913698891,0.004179612198568189,0.008588629913698891,0.9914113700863012,0.005879286555062339,0.9941207134449377
LV,2018,0.9872317584358157,0.012768241564184327,0.0,0.9872317584358157,0.008588629913698891,0.004179612198568189,0.008588629913698891,0.9914113700863012,0.005879286555062339,0.9941207134449377
LV,2019,0.9872317584358157,0.012768241564184327,0.0,0.9872317584358157,0.008588629913698891,0.004179612198568189,0.008588629913698891,0.9914113700863012,0.005879286555062339,0.9941207134449377
LV,2020,0.9872317584358157,0.012768241564184327,0.0,0.9872317584358157,0.008588629913698891,0.004179612198568189,0.008588629913698891,0.9914113700863012,0.005879286555062339,0.9941207134449377
LV,2021,0.9872317584358157,0.012768241564184327,0.0,0.9872317584358157,0.008588629913698891,0.004179612198568189,0.008588629913698891,0.9914113700863012,0.005879286555062339,0.9941207134449377
ME,1990,0.9063450497240589,0.09365495027594108,0.0,0.9063450497240589,0.0,0.09365495027594108,0.0,1.0,0.5,0.5
ME,1991,0.9063450497240589,0.09365495027594108,0.0,0.9063450497240589,0.0,0.09365495027594108,0.0,1.0,0.5,0.5
ME,1992,0.9063450497240589,0.09365495027594108,0.0,0.9063450497240589,0.0,0.09365495027594108,0.0,1.0,0.5,0.5
ME,1993,0.9063450497240589,0.09365495027594108,0.0,0.9063450497240589,0.0,0.09365495027594108,0.0,1.0,0.5,0.5
ME,1994,0.9063450497240589,0.09365495027594108,0.0,0.9063450497240589,0.0,0.09365495027594108,0.0,1.0,0.5,0.5
ME,1995,0.9063450497240589,0.09365495027594108,0.0,0.9063450497240589,0.0,0.09365495027594108,0.0,1.0,0.5,0.5
ME,1996,0.9063450497240589,0.09365495027594108,0.0,0.9063450497240589,0.0,0.09365495027594108,0.0,1.0,0.5,0.5
ME,1997,0.9063450497240589,0.09365495027594108,0.0,0.9063450497240589,0.0,0.09365495027594108,0.0,1.0,0.5,0.5
ME,1998,0.9063450497240589,0.09365495027594108,0.0,0.9063450497240589,0.0,0.09365495027594108,0.0,1.0,0.5,0.5
ME,1999,0.9063450497240589,0.09365495027594108,0.0,0.9063450497240589,0.0,0.09365495027594108,0.0,1.0,0.5,0.5
ME,2000,0.9063450497240589,0.09365495027594108,0.0,0.9063450497240589,0.0,0.09365495027594108,0.0,1.0,0.5,0.5
ME,2001,0.9063450497240589,0.09365495027594108,0.0,0.9063450497240589,0.0,0.09365495027594108,0.0,1.0,0.5,0.5
ME,2002,0.9063450497240589,0.09365495027594108,0.0,0.9063450497240589,0.0,0.09365495027594108,0.0,1.0,0.5,0.5
ME,2003,0.9063450497240589,0.09365495027594108,0.0,0.9063450497240589,0.0,0.09365495027594108,0.0,1.0,0.5,0.5
ME,2004,0.9063450497240589,0.09365495027594108,0.0,0.9063450497240589,0.0,0.09365495027594108,0.0,1.0,0.5,0.5
ME,2005,0.9063450497240589,0.09365495027594108,0.0,0.9063450497240589,0.0,0.09365495027594108,0.0,1.0,0.5,0.5
ME,2006,0.9063450497240589,0.09365495027594108,0.0,0.9063450497240589,0.0,0.09365495027594108,0.0,1.0,0.5,0.5
ME,2007,0.9063450497240589,0.09365495027594108,0.0,0.9063450497240589,0.0,0.09365495027594108,0.0,1.0,0.5,0.5
ME,2008,0.9063450497240589,0.09365495027594108,0.0,0.9063450497240589,0.0,0.09365495027594108,0.0,1.0,0.5,0.5
ME,2009,0.9063450497240589,0.09365495027594108,0.0,0.9063450497240589,0.0,0.09365495027594108,0.0,1.0,0.5,0.5
ME,2010,0.9063450497240589,0.09365495027594108,0.0,0.9063450497240589,0.0,0.09365495027594108,0.0,1.0,0.5,0.5
ME,2011,0.9063450497240589,0.09365495027594108,0.0,0.9063450497240589,0.0,0.09365495027594108,0.0,1.0,0.5,0.5
ME,2012,0.9063450497240589,0.09365495027594108,0.0,0.9063450497240589,0.0,0.09365495027594108,0.0,1.0,0.5,0.5
ME,2013,0.9063450497240589,0.09365495027594108,0.0,0.9063450497240589,0.0,0.09365495027594108,0.0,1.0,0.5,0.5
ME,2014,0.9063450497240589,0.09365495027594108,0.0,0.9063450497240589,0.0,0.09365495027594108,0.0,1.0,0.5,0.5
ME,2015,0.9063450497240589,0.09365495027594108,0.0,0.9063450497240589,0.0,0.09365495027594108,0.0,1.0,0.5,0.5
ME,2016,0.9063450497240589,0.09365495027594108,0.0,0.9063450497240589,0.0,0.09365495027594108,0.0,1.0,0.5,0.5
ME,2017,0.9063450497240589,0.09365495027594108,0.0,0.9063450497240589,0.0,0.09365495027594108,0.0,1.0,0.5,0.5
ME,2018,0.9063450497240589,0.09365495027594108,0.0,0.9063450497240589,0.0,0.09365495027594108,0.0,1.0,0.5,0.5
ME,2019,0.9063450497240589,0.09365495027594108,0.0,0.9063450497240589,0.0,0.09365495027594108,0.0,1.0,0.5,0.5
ME,2020,0.9063450497240589,0.09365495027594108,0.0,0.9063450497240589,0.0,0.09365495027594108,0.0,1.0,0.5,0.5
ME,2021,0.9063450497240589,0.09365495027594108,0.0,0.9063450497240589,0.0,0.09365495027594108,0.0,1.0,0.5,0.5
MK,1990,0.9063450468583658,0.09365495314163427,0.0,0.9063450468583658,0.0,0.09365495314163427,0.0,1.0,0.5,0.5
MK,1991,0.9063450468583658,0.09365495314163427,0.0,0.9063450468583658,0.0,0.09365495314163427,0.0,1.0,0.5,0.5
MK,1992,0.9063450468583658,0.09365495314163427,0.0,0.9063450468583658,0.0,0.09365495314163427,0.0,1.0,0.5,0.5
MK,1993,0.9063450468583658,0.09365495314163427,0.0,0.9063450468583658,0.0,0.09365495314163427,0.0,1.0,0.5,0.5
MK,1994,0.9063450468583658,0.09365495314163427,0.0,0.9063450468583658,0.0,0.09365495314163427,0.0,1.0,0.5,0.5
MK,1995,0.9063450468583658,0.09365495314163427,0.0,0.9063450468583658,0.0,0.09365495314163427,0.0,1.0,0.5,0.5
MK,1996,0.9063450468583658,0.09365495314163427,0.0,0.9063450468583658,0.0,0.09365495314163427,0.0,1.0,0.5,0.5
MK,1997,0.9063450468583658,0.09365495314163427,0.0,0.9063450468583658,0.0,0.09365495314163427,0.0,1.0,0.5,0.5
MK,1998,0.9063450468583658,0.09365495314163427,0.0,0.9063450468583658,0.0,0.09365495314163427,0.0,1.0,0.5,0.5
MK,1999,0.9063450468583658,0.09365495314163427,0.0,0.9063450468583658,0.0,0.09365495314163427,0.0,1.0,0.5,0.5
MK,2000,0.9063450468583658,0.09365495314163427,0.0,0.9063450468583658,0.0,0.09365495314163427,0.0,1.0,0.5,0.5
MK,2001,0.9063450468583658,0.09365495314163427,0.0,0.9063450468583658,0.0,0.09365495314163427,0.0,1.0,0.5,0.5
MK,2002,0.9063450468583658,0.09365495314163427,0.0,0.9063450468583658,0.0,0.09365495314163427,0.0,1.0,0.5,0.5
MK,2003,0.9063450468583658,0.09365495314163427,0.0,0.9063450468583658,0.0,0.09365495314163427,0.0,1.0,0.5,0.5
MK,2004,0.9063450468583658,0.09365495314163427,0.0,0.9063450468583658,0.0,0.09365495314163427,0.0,1.0,0.5,0.5
MK,2005,0.9063450468583658,0.09365495314163427,0.0,0.9063450468583658,0.0,0.09365495314163427,0.0,1.0,0.5,0.5
MK,2006,0.9063450468583658,0.09365495314163427,0.0,0.9063450468583658,0.0,0.09365495314163427,0.0,1.0,0.5,0.5
MK,2007,0.9063450468583658,0.09365495314163427,0.0,0.9063450468583658,0.0,0.09365495314163427,0.0,1.0,0.5,0.5
MK,2008,0.9063450468583658,0.09365495314163427,0.0,0.9063450468583658,0.0,0.09365495314163427,0.0,1.0,0.5,0.5
MK,2009,0.9063450468583658,0.09365495314163427,0.0,0.9063450468583658,0.0,0.09365495314163427,0.0,1.0,0.5,0.5
MK,2010,0.9063450468583658,0.09365495314163427,0.0,0.9063450468583658,0.0,0.09365495314163427,0.0,1.0,0.5,0.5
MK,2011,0.9063450468583658,0.09365495314163427,0.0,0.9063450468583658,0.0,0.09365495314163427,0.0,1.0,0.5,0.5
MK,2012,0.9063450468583658,0.09365495314163427,0.0,0.9063450468583658,0.0,0.09365495314163427,0.0,1.0,0.5,0.5
MK,2013,0.9063450468583658,0.09365495314163427,0.0,0.9063450468583658,0.0,0.09365495314163427,0.0,1.0,0.5,0.5
MK,2014,0.9063450468583658,0.09365495314163427,0.0,0.9063450468583658,0.0,0.09365495314163427,0.0,1.0,0.5,0.5
MK,2015,0.9063450468583658,0.09365495314163427,0.0,0.9063450468583658,0.0,0.09365495314163427,0.0,1.0,0.5,0.5
MK,2016,0.9063450468583658,0.09365495314163427,0.0,0.9063450468583658,0.0,0.09365495314163427,0.0,1.0,0.5,0.5
MK,2017,0.9063450468583658,0.09365495314163427,0.0,0.9063450468583658,0.0,0.09365495314163427,0.0,1.0,0.5,0.5
MK,2018,0.9063450468583658,0.09365495314163427,0.0,0.9063450468583658,0.0,0.09365495314163427,0.0,1.0,0.5,0.5
MK,2019,0.9063450468583658,0.09365495314163427,0.0,0.9063450468583658,0.0,0.09365495314163427,0.0,1.0,0.5,0.5
MK,2020,0.9063450468583658,0.09365495314163427,0.0,0.9063450468583658,0.0,0.09365495314163427,0.0,1.0,0.5,0.5
MK,2021,0.9063450468583658,0.09365495314163427,0.0,0.9063450468583658,0.0,0.09365495314163427,0.0,1.0,0.5,0.5
NL,1990,0.8891008531890552,0.11089914681094477,0.0,0.8891008531890552,0.002283164502335499,0.10861598230860928,0.002283164502335499,0.9977168353677712,0.02396823945193219,0.9760317605480677
NL,1991,0.8891008531890552,0.11089914681094477,0.0,0.8891008531890552,0.002283164502335499,0.10861598230860928,0.002283164502335499,0.9977168353677712,0.02396823945193219,0.9760317605480677
NL,1992,0.8891008531890552,0.11089914681094477,0.0,0.8891008531890552,0.002283164502335499,0.10861598230860928,0.002283164502335499,0.9977168353677712,0.02396823945193219,0.9760317605480677
NL,1993,0.8891008531890552,0.11089914681094477,0.0,0.8891008531890552,0.002283164502335499,0.10861598230860928,0.002283164502335499,0.9977168353677712,0.02396823945193219,0.9760317605480677
NL,1994,0.8891008531890552,0.11089914681094477,0.0,0.8891008531890552,0.002283164502335499,0.10861598230860928,0.002283164502335499,0.9977168353677712,0.02396823945193219,0.9760317605480677
NL,1995,0.8891008531890552,0.11089914681094477,0.0,0.8891008531890552,0.002283164502335499,0.10861598230860928,0.002283164502335499,0.9977168353677712,0.02396823945193219,0.9760317605480677
NL,1996,0.8891008531890552,0.11089914681094477,0.0,0.8891008531890552,0.002283164502335499,0.10861598230860928,0.002283164502335499,0.9977168353677712,0.02396823945193219,0.9760317605480677
NL,1997,0.8891008531890552,0.11089914681094477,0.0,0.8891008531890552,0.002283164502335499,0.10861598230860928,0.002283164502335499,0.9977168353677712,0.02396823945193219,0.9760317605480677
NL,1998,0.8891008531890552,0.11089914681094477,0.0,0.8891008531890552,0.002283164502335499,0.10861598230860928,0.002283164502335499,0.9977168353677712,0.02396823945193219,0.9760317605480677
NL,1999,0.8891008531890552,0.11089914681094477,0.0,0.8891008531890552,0.002283164502335499,0.10861598230860928,0.002283164502335499,0.9977168353677712,0.02396823945193219,0.9760317605480677
NL,2000,0.8891008531890552,0.11089914681094477,0.0,0.8891008531890552,0.002283164502335499,0.10861598230860928,0.002283164502335499,0.9977168353677712,0.02396823945193219,0.9760317605480677
NL,2001,0.8891008531890552,0.11089914681094477,0.0,0.8891008531890552,0.002283164502335499,0.10861598230860928,0.002283164502335499,0.9977168353677712,0.02396823945193219,0.9760317605480677
NL,2002,0.8891008531890552,0.11089914681094477,0.0,0.8891008531890552,0.002283164502335499,0.10861598230860928,0.002283164502335499,0.9977168353677712,0.02396823945193219,0.9760317605480677
NL,2003,0.8891008531890552,0.11089914681094477,0.0,0.8891008531890552,0.002283164502335499,0.10861598230860928,0.002283164502335499,0.9977168353677712,0.02396823945193219,0.9760317605480677
NL,2004,0.8891008531890552,0.11089914681094477,0.0,0.8891008531890552,0.002283164502335499,0.10861598230860928,0.002283164502335499,0.9977168353677712,0.02396823945193219,0.9760317605480677
NL,2005,0.8891008531890552,0.11089914681094477,0.0,0.8891008531890552,0.002283164502335499,0.10861598230860928,0.002283164502335499,0.9977168353677712,0.02396823945193219,0.9760317605480677
NL,2006,0.8891008531890552,0.11089914681094477,0.0,0.8891008531890552,0.002283164502335499,0.10861598230860928,0.002283164502335499,0.9977168353677712,0.02396823945193219,0.9760317605480677
NL,2007,0.8891008531890552,0.11089914681094477,0.0,0.8891008531890552,0.002283164502335499,0.10861598230860928,0.002283164502335499,0.9977168353677712,0.02396823945193219,0.9760317605480677
NL,2008,0.8891008531890552,0.11089914681094477,0.0,0.8891008531890552,0.002283164502335499,0.10861598230860928,0.002283164502335499,0.9977168353677712,0.02396823945193219,0.9760317605480677
NL,2009,0.8891008531890552,0.11089914681094477,0.0,0.8891008531890552,0.002283164502335499,0.10861598230860928,0.002283164502335499,0.9977168353677712,0.02396823945193219,0.9760317605480677
NL,2010,0.8891008531890552,0.11089914681094477,0.0,0.8891008531890552,0.002283164502335499,0.10861598230860928,0.002283164502335499,0.9977168353677712,0.02396823945193219,0.9760317605480677
NL,2011,0.8891008531890552,0.11089914681094477,0.0,0.8891008531890552,0.002283164502335499,0.10861598230860928,0.002283164502335499,0.9977168353677712,0.02396823945193219,0.9760317605480677
NL,2012,0.8891008531890552,0.11089914681094477,0.0,0.8891008531890552,0.002283164502335499,0.10861598230860928,0.002283164502335499,0.9977168353677712,0.02396823945193219,0.9760317605480677
NL,2013,0.8891008531890552,0.11089914681094477,0.0,0.8891008531890552,0.002283164502335499,0.10861598230860928,0.002283164502335499,0.9977168353677712,0.02396823945193219,0.9760317605480677
NL,2014,0.8891008531890552,0.11089914681094477,0.0,0.8891008531890552,0.002283164502335499,0.10861598230860928,0.002283164502335499,0.9977168353677712,0.02396823945193219,0.9760317605480677
NL,2015,0.8891008531890552,0.11089914681094477,0.0,0.8891008531890552,0.002283164502335499,0.10861598230860928,0.002283164502335499,0.9977168353677712,0.02396823945193219,0.9760317605480677
NL,2016,0.8891008531890552,0.11089914681094477,0.0,0.8891008531890552,0.002283164502335499,0.10861598230860928,0.002283164502335499,0.9977168353677712,0.02396823945193219,0.9760317605480677
NL,2017,0.8891008531890552,0.11089914681094477,0.0,0.8891008531890552,0.002283164502335499,0.10861598230860928,0.002283164502335499,0.9977168353677712,0.02396823945193219,0.9760317605480677
NL,2018,0.8891008531890552,0.11089914681094477,0.0,0.8891008531890552,0.002283164502335499,0.10861598230860928,0.002283164502335499,0.9977168353677712,0.02396823945193219,0.9760317605480677
NL,2019,0.8891008531890552,0.11089914681094477,0.0,0.8891008531890552,0.002283164502335499,0.10861598230860928,0.002283164502335499,0.9977168353677712,0.02396823945193219,0.9760317605480677
NL,2020,0.8891008531890552,0.11089914681094477,0.0,0.8891008531890552,0.002283164502335499,0.10861598230860928,0.002283164502335499,0.9977168353677712,0.02396823945193219,0.9760317605480677
NL,2021,0.8891008531890552,0.11089914681094477,0.0,0.8891008531890552,0.002283164502335499,0.10861598230860928,0.002283164502335499,0.9977168353677712,0.02396823945193219,0.9760317605480677
NO,1990,0.9101263187979708,0.08987368120202921,0.35772110119117706,0.5524052177022092,0.03279223717270951,0.05708144393390431,0.3905133383638865,0.6094866616361134,0.7892197610238754,0.21078023897612455
NO,1991,0.9101263187979708,0.08987368120202921,0.35772110119117706,0.5524052177022092,0.03279223717270951,0.05708144393390431,0.3905133383638865,0.6094866616361134,0.7892197610238754,0.21078023897612455
NO,1992,0.9101263187979708,0.08987368120202921,0.35772110119117706,0.5524052177022092,0.03279223717270951,0.05708144393390431,0.3905133383638865,0.6094866616361134,0.7892197610238754,0.21078023897612455
NO,1993,0.9101263187979708,0.08987368120202921,0.35772110119117706,0.5524052177022092,0.03279223717270951,0.05708144393390431,0.3905133383638865,0.6094866616361134,0.7892197610238754,0.21078023897612455
NO,1994,0.9101263187979708,0.08987368120202921,0.35772110119117706,0.5524052177022092,0.03279223717270951,0.05708144393390431,0.3905133383638865,0.6094866616361134,0.7892197610238754,0.21078023897612455
NO,1995,0.9101263187979708,0.08987368120202921,0.35772110119117706,0.5524052177022092,0.03279223717270951,0.05708144393390431,0.3905133383638865,0.6094866616361134,0.7892197610238754,0.21078023897612455
NO,1996,0.9101263187979708,0.08987368120202921,0.35772110119117706,0.5524052177022092,0.03279223717270951,0.05708144393390431,0.3905133383638865,0.6094866616361134,0.7892197610238754,0.21078023897612455
NO,1997,0.9101263187979708,0.08987368120202921,0.35772110119117706,0.5524052177022092,0.03279223717270951,0.05708144393390431,0.3905133383638865,0.6094866616361134,0.7892197610238754,0.21078023897612455
NO,1998,0.9101263187979708,0.08987368120202921,0.35772110119117706,0.5524052177022092,0.03279223717270951,0.05708144393390431,0.3905133383638865,0.6094866616361134,0.7892197610238754,0.21078023897612455
NO,1999,0.9101263187979708,0.08987368120202921,0.35772110119117706,0.5524052177022092,0.03279223717270951,0.05708144393390431,0.3905133383638865,0.6094866616361134,0.7892197610238754,0.21078023897612455
NO,2000,0.9101263187979708,0.08987368120202921,0.35772110119117706,0.5524052177022092,0.03279223717270951,0.05708144393390431,0.3905133383638865,0.6094866616361134,0.7892197610238754,0.21078023897612455
NO,2001,0.9101263187979708,0.08987368120202921,0.35772110119117706,0.5524052177022092,0.03279223717270951,0.05708144393390431,0.3905133383638865,0.6094866616361134,0.7892197610238754,0.21078023897612455
NO,2002,0.9101263187979708,0.08987368120202921,0.35772110119117706,0.5524052177022092,0.03279223717270951,0.05708144393390431,0.3905133383638865,0.6094866616361134,0.7892197610238754,0.21078023897612455
NO,2003,0.9101263187979708,0.08987368120202921,0.35772110119117706,0.5524052177022092,0.03279223717270951,0.05708144393390431,0.3905133383638865,0.6094866616361134,0.7892197610238754,0.21078023897612455
NO,2004,0.9101263187979708,0.08987368120202921,0.35772110119117706,0.5524052177022092,0.03279223717270951,0.05708144393390431,0.3905133383638865,0.6094866616361134,0.7892197610238754,0.21078023897612455
NO,2005,0.9101263187979708,0.08987368120202921,0.35772110119117706,0.5524052177022092,0.03279223717270951,0.05708144393390431,0.3905133383638865,0.6094866616361134,0.7892197610238754,0.21078023897612455
NO,2006,0.9101263187979708,0.08987368120202921,0.35772110119117706,0.5524052177022092,0.03279223717270951,0.05708144393390431,0.3905133383638865,0.6094866616361134,0.7892197610238754,0.21078023897612455
NO,2007,0.9101263187979708,0.08987368120202921,0.35772110119117706,0.5524052177022092,0.03279223717270951,0.05708144393390431,0.3905133383638865,0.6094866616361134,0.7892197610238754,0.21078023897612455
NO,2008,0.9101263187979708,0.08987368120202921,0.35772110119117706,0.5524052177022092,0.03279223717270951,0.05708144393390431,0.3905133383638865,0.6094866616361134,0.7892197610238754,0.21078023897612455
NO,2009,0.9101263187979708,0.08987368120202921,0.35772110119117706,0.5524052177022092,0.03279223717270951,0.05708144393390431,0.3905133383638865,0.6094866616361134,0.7892197610238754,0.21078023897612455
NO,2010,0.9101263187979708,0.08987368120202921,0.35772110119117706,0.5524052177022092,0.03279223717270951,0.05708144393390431,0.3905133383638865,0.6094866616361134,0.7892197610238754,0.21078023897612455
NO,2011,0.9101263187979708,0.08987368120202921,0.35772110119117706,0.5524052177022092,0.03279223717270951,0.05708144393390431,0.3905133383638865,0.6094866616361134,0.7892197610238754,0.21078023897612455
NO,2012,0.9101263187979708,0.08987368120202921,0.35772110119117706,0.5524052177022092,0.03279223717270951,0.05708144393390431,0.3905133383638865,0.6094866616361134,0.7892197610238754,0.21078023897612455
NO,2013,0.9101263187979708,0.08987368120202921,0.35772110119117706,0.5524052177022092,0.03279223717270951,0.05708144393390431,0.3905133383638865,0.6094866616361134,0.7892197610238754,0.21078023897612455
NO,2014,0.9101263187979708,0.08987368120202921,0.35772110119117706,0.5524052177022092,0.03279223717270951,0.05708144393390431,0.3905133383638865,0.6094866616361134,0.7892197610238754,0.21078023897612455
NO,2015,0.9101263187979708,0.08987368120202921,0.35772110119117706,0.5524052177022092,0.03279223717270951,0.05708144393390431,0.3905133383638865,0.6094866616361134,0.7892197610238754,0.21078023897612455
NO,2016,0.9101263187979708,0.08987368120202921,0.35772110119117706,0.5524052177022092,0.03279223717270951,0.05708144393390431,0.3905133383638865,0.6094866616361134,0.7892197610238754,0.21078023897612455
NO,2017,0.9101263187979708,0.08987368120202921,0.35772110119117706,0.5524052177022092,0.03279223717270951,0.05708144393390431,0.3905133383638865,0.6094866616361134,0.7892197610238754,0.21078023897612455
NO,2018,0.9101263187979708,0.08987368120202921,0.35772110119117706,0.5524052177022092,0.03279223717270951,0.05708144393390431,0.3905133383638865,0.6094866616361134,0.7892197610238754,0.21078023897612455
NO,2019,0.9101263187979708,0.08987368120202921,0.35772110119117706,0.5524052177022092,0.03279223717270951,0.05708144393390431,0.3905133383638865,0.6094866616361134,0.7892197610238754,0.21078023897612455
NO,2020,0.9101263187979708,0.08987368120202921,0.35772110119117706,0.5524052177022092,0.03279223717270951,0.05708144393390431,0.3905133383638865,0.6094866616361134,0.7892197610238754,0.21078023897612455
NO,2021,0.9101263187979708,0.08987368120202921,0.35772110119117706,0.5524052177022092,0.03279223717270951,0.05708144393390431,0.3905133383638865,0.6094866616361134,0.7892197610238754,0.21078023897612455
PL,1990,0.9858166880422552,0.01418331195774478,0.03047509352613618,0.9553957840803491,0.003859129443134597,0.010324182514610184,0.03433422296927078,0.9657199662850877,0.006766416653896698,0.9932335833461033
PL,1991,0.9858166880422552,0.01418331195774478,0.03047509352613618,0.9553957840803491,0.003859129443134597,0.010324182514610184,0.03433422296927078,0.9657199662850877,0.006766416653896698,0.9932335833461033
PL,1992,0.9858166880422552,0.01418331195774478,0.03047509352613618,0.9553957840803491,0.003859129443134597,0.010324182514610184,0.03433422296927078,0.9657199662850877,0.006766416653896698,0.9932335833461033
PL,1993,0.9858166880422552,0.01418331195774478,0.03047509352613618,0.9553957840803491,0.003859129443134597,0.010324182514610184,0.03433422296927078,0.9657199662850877,0.006766416653896698,0.9932335833461033
PL,1994,0.9858166880422552,0.01418331195774478,0.03047509352613618,0.9553957840803491,0.003859129443134597,0.010324182514610184,0.03433422296927078,0.9657199662850877,0.006766416653896698,0.9932335833461033
PL,1995,0.9858166880422552,0.01418331195774478,0.03047509352613618,0.9553957840803491,0.003859129443134597,0.010324182514610184,0.03433422296927078,0.9657199662850877,0.006766416653896698,0.9932335833461033
PL,1996,0.9858166880422552,0.01418331195774478,0.03047509352613618,0.9553957840803491,0.003859129443134597,0.010324182514610184,0.03433422296927078,0.9657199662850877,0.006766416653896698,0.9932335833461033
PL,1997,0.9858166880422552,0.01418331195774478,0.03047509352613618,0.9553957840803491,0.003859129443134597,0.010324182514610184,0.03433422296927078,0.9657199662850877,0.006766416653896698,0.9932335833461033
PL,1998,0.9858166880422552,0.01418331195774478,0.03047509352613618,0.9553957840803491,0.003859129443134597,0.010324182514610184,0.03433422296927078,0.9657199662850877,0.006766416653896698,0.9932335833461033
PL,1999,0.9858166880422552,0.01418331195774478,0.03047509352613618,0.9553957840803491,0.003859129443134597,0.010324182514610184,0.03433422296927078,0.9657199662850877,0.006766416653896698,0.9932335833461033
PL,2000,0.9858166880422552,0.01418331195774478,0.03047509352613618,0.9553957840803491,0.003859129443134597,0.010324182514610184,0.03433422296927078,0.9657199662850877,0.006766416653896698,0.9932335833461033
PL,2001,0.9858166880422552,0.01418331195774478,0.03047509352613618,0.9553957840803491,0.003859129443134597,0.010324182514610184,0.03433422296927078,0.9657199662850877,0.006766416653896698,0.9932335833461033
PL,2002,0.9858166880422552,0.01418331195774478,0.03047509352613618,0.9553957840803491,0.003859129443134597,0.010324182514610184,0.03433422296927078,0.9657199662850877,0.006766416653896698,0.9932335833461033
PL,2003,0.9858166880422552,0.01418331195774478,0.03047509352613618,0.9553957840803491,0.003859129443134597,0.010324182514610184,0.03433422296927078,0.9657199662850877,0.006766416653896698,0.9932335833461033
PL,2004,0.9858166880422552,0.01418331195774478,0.03047509352613618,0.9553957840803491,0.003859129443134597,0.010324182514610184,0.03433422296927078,0.9657199662850877,0.006766416653896698,0.9932335833461033
PL,2005,0.9858166880422552,0.01418331195774478,0.03047509352613618,0.9553957840803491,0.003859129443134597,0.010324182514610184,0.03433422296927078,0.9657199662850877,0.006766416653896698,0.9932335833461033
PL,2006,0.9858166880422552,0.01418331195774478,0.03047509352613618,0.9553957840803491,0.003859129443134597,0.010324182514610184,0.03433422296927078,0.9657199662850877,0.006766416653896698,0.9932335833461033
PL,2007,0.9858166880422552,0.01418331195774478,0.03047509352613618,0.9553957840803491,0.003859129443134597,0.010324182514610184,0.03433422296927078,0.9657199662850877,0.006766416653896698,0.9932335833461033
PL,2008,0.9858166880422552,0.01418331195774478,0.03047509352613618,0.9553957840803491,0.003859129443134597,0.010324182514610184,0.03433422296927078,0.9657199662850877,0.006766416653896698,0.9932335833461033
PL,2009,0.9858166880422552,0.01418331195774478,0.03047509352613618,0.9553957840803491,0.003859129443134597,0.010324182514610184,0.03433422296927078,0.9657199662850877,0.006766416653896698,0.9932335833461033
PL,2010,0.9858166880422552,0.01418331195774478,0.03047509352613618,0.9553957840803491,0.003859129443134597,0.010324182514610184,0.03433422296927078,0.9657199662850877,0.006766416653896698,0.9932335833461033
PL,2011,0.9858166880422552,0.01418331195774478,0.03047509352613618,0.9553957840803491,0.003859129443134597,0.010324182514610184,0.03433422296927078,0.9657199662850877,0.006766416653896698,0.9932335833461033
PL,2012,0.9858166880422552,0.01418331195774478,0.03047509352613618,0.9553957840803491,0.003859129443134597,0.010324182514610184,0.03433422296927078,0.9657199662850877,0.006766416653896698,0.9932335833461033
PL,2013,0.9858166880422552,0.01418331195774478,0.03047509352613618,0.9553957840803491,0.003859129443134597,0.010324182514610184,0.03433422296927078,0.9657199662850877,0.006766416653896698,0.9932335833461033
PL,2014,0.9858166880422552,0.01418331195774478,0.03047509352613618,0.9553957840803491,0.003859129443134597,0.010324182514610184,0.03433422296927078,0.9657199662850877,0.006766416653896698,0.9932335833461033
PL,2015,0.9858166880422552,0.01418331195774478,0.03047509352613618,0.9553957840803491,0.003859129443134597,0.010324182514610184,0.03433422296927078,0.9657199662850877,0.006766416653896698,0.9932335833461033
PL,2016,0.9858166880422552,0.01418331195774478,0.03047509352613618,0.9553957840803491,0.003859129443134597,0.010324182514610184,0.03433422296927078,0.9657199662850877,0.006766416653896698,0.9932335833461033
PL,2017,0.9858166880422552,0.01418331195774478,0.03047509352613618,0.9553957840803491,0.003859129443134597,0.010324182514610184,0.03433422296927078,0.9657199662850877,0.006766416653896698,0.9932335833461033
PL,2018,0.9858166880422552,0.01418331195774478,0.03047509352613618,0.9553957840803491,0.003859129443134597,0.010324182514610184,0.03433422296927078,0.9657199662850877,0.006766416653896698,0.9932335833461033
PL,2019,0.9858166880422552,0.01418331195774478,0.03047509352613618,0.9553957840803491,0.003859129443134597,0.010324182514610184,0.03433422296927078,0.9657199662850877,0.006766416653896698,0.9932335833461033
PL,2020,0.9858166880422552,0.01418331195774478,0.03047509352613618,0.9553957840803491,0.003859129443134597,0.010324182514610184,0.03433422296927078,0.9657199662850877,0.006766416653896698,0.9932335833461033
PL,2021,0.9858166880422552,0.01418331195774478,0.03047509352613618,0.9553957840803491,0.003859129443134597,0.010324182514610184,0.03433422296927078,0.9657199662850877,0.006766416653896698,0.9932335833461033
PT,1990,0.9891175507525642,0.010882449247435746,0.10245444171753289,0.8878789279596345,0.005296622912537219,0.005585826334898527,0.1077510646300701,0.8934647546650181,0.08442925997907887,0.9155707400209211
PT,1991,0.9891175507525642,0.010882449247435746,0.10245444171753289,0.8878789279596345,0.005296622912537219,0.005585826334898527,0.1077510646300701,0.8934647546650181,0.08442925997907887,0.9155707400209211
PT,1992,0.9891175507525642,0.010882449247435746,0.10245444171753289,0.8878789279596345,0.005296622912537219,0.005585826334898527,0.1077510646300701,0.8934647546650181,0.08442925997907887,0.9155707400209211
PT,1993,0.9891175507525642,0.010882449247435746,0.10245444171753289,0.8878789279596345,0.005296622912537219,0.005585826334898527,0.1077510646300701,0.8934647546650181,0.08442925997907887,0.9155707400209211
PT,1994,0.9891175507525642,0.010882449247435746,0.10245444171753289,0.8878789279596345,0.005296622912537219,0.005585826334898527,0.1077510646300701,0.8934647546650181,0.08442925997907887,0.9155707400209211
PT,1995,0.9891175507525642,0.010882449247435746,0.10245444171753289,0.8878789279596345,0.005296622912537219,0.005585826334898527,0.1077510646300701,0.8934647546650181,0.08442925997907887,0.9155707400209211
PT,1996,0.9891175507525642,0.010882449247435746,0.10245444171753289,0.8878789279596345,0.005296622912537219,0.005585826334898527,0.1077510646300701,0.8934647546650181,0.08442925997907887,0.9155707400209211
PT,1997,0.9891175507525642,0.010882449247435746,0.10245444171753289,0.8878789279596345,0.005296622912537219,0.005585826334898527,0.1077510646300701,0.8934647546650181,0.08442925997907887,0.9155707400209211
PT,1998,0.9891175507525642,0.010882449247435746,0.10245444171753289,0.8878789279596345,0.005296622912537219,0.005585826334898527,0.1077510646300701,0.8934647546650181,0.08442925997907887,0.9155707400209211
PT,1999,0.9891175507525642,0.010882449247435746,0.10245444171753289,0.8878789279596345,0.005296622912537219,0.005585826334898527,0.1077510646300701,0.8934647546650181,0.08442925997907887,0.9155707400209211
PT,2000,0.9891175507525642,0.010882449247435746,0.10245444171753289,0.8878789279596345,0.005296622912537219,0.005585826334898527,0.1077510646300701,0.8934647546650181,0.08442925997907887,0.9155707400209211
PT,2001,0.9891175507525642,0.010882449247435746,0.10245444171753289,0.8878789279596345,0.005296622912537219,0.005585826334898527,0.1077510646300701,0.8934647546650181,0.08442925997907887,0.9155707400209211
PT,2002,0.9891175507525642,0.010882449247435746,0.10245444171753289,0.8878789279596345,0.005296622912537219,0.005585826334898527,0.1077510646300701,0.8934647546650181,0.08442925997907887,0.9155707400209211
PT,2003,0.9891175507525642,0.010882449247435746,0.10245444171753289,0.8878789279596345,0.005296622912537219,0.005585826334898527,0.1077510646300701,0.8934647546650181,0.08442925997907887,0.9155707400209211
PT,2004,0.9891175507525642,0.010882449247435746,0.10245444171753289,0.8878789279596345,0.005296622912537219,0.005585826334898527,0.1077510646300701,0.8934647546650181,0.08442925997907887,0.9155707400209211
PT,2005,0.9891175507525642,0.010882449247435746,0.10245444171753289,0.8878789279596345,0.005296622912537219,0.005585826334898527,0.1077510646300701,0.8934647546650181,0.08442925997907887,0.9155707400209211
PT,2006,0.9891175507525642,0.010882449247435746,0.10245444171753289,0.8878789279596345,0.005296622912537219,0.005585826334898527,0.1077510646300701,0.8934647546650181,0.08442925997907887,0.9155707400209211
PT,2007,0.9891175507525642,0.010882449247435746,0.10245444171753289,0.8878789279596345,0.005296622912537219,0.005585826334898527,0.1077510646300701,0.8934647546650181,0.08442925997907887,0.9155707400209211
PT,2008,0.9891175507525642,0.010882449247435746,0.10245444171753289,0.8878789279596345,0.005296622912537219,0.005585826334898527,0.1077510646300701,0.8934647546650181,0.08442925997907887,0.9155707400209211
PT,2009,0.9891175507525642,0.010882449247435746,0.10245444171753289,0.8878789279596345,0.005296622912537219,0.005585826334898527,0.1077510646300701,0.8934647546650181,0.08442925997907887,0.9155707400209211
PT,2010,0.9891175507525642,0.010882449247435746,0.10245444171753289,0.8878789279596345,0.005296622912537219,0.005585826334898527,0.1077510646300701,0.8934647546650181,0.08442925997907887,0.9155707400209211
PT,2011,0.9891175507525642,0.010882449247435746,0.10245444171753289,0.8878789279596345,0.005296622912537219,0.005585826334898527,0.1077510646300701,0.8934647546650181,0.08442925997907887,0.9155707400209211
PT,2012,0.9891175507525642,0.010882449247435746,0.10245444171753289,0.8878789279596345,0.005296622912537219,0.005585826334898527,0.1077510646300701,0.8934647546650181,0.08442925997907887,0.9155707400209211
PT,2013,0.9891175507525642,0.010882449247435746,0.10245444171753289,0.8878789279596345,0.005296622912537219,0.005585826334898527,0.1077510646300701,0.8934647546650181,0.08442925997907887,0.9155707400209211
PT,2014,0.9891175507525642,0.010882449247435746,0.10245444171753289,0.8878789279596345,0.005296622912537219,0.005585826334898527,0.1077510646300701,0.8934647546650181,0.08442925997907887,0.9155707400209211
PT,2015,0.9891175507525642,0.010882449247435746,0.10245444171753289,0.8878789279596345,0.005296622912537219,0.005585826334898527,0.1077510646300701,0.8934647546650181,0.08442925997907887,0.9155707400209211
PT,2016,0.9891175507525642,0.010882449247435746,0.10245444171753289,0.8878789279596345,0.005296622912537219,0.005585826334898527,0.1077510646300701,0.8934647546650181,0.08442925997907887,0.9155707400209211
PT,2017,0.9891175507525642,0.010882449247435746,0.10245444171753289,0.8878789279596345,0.005296622912537219,0.005585826334898527,0.1077510646300701,0.8934647546650181,0.08442925997907887,0.9155707400209211
PT,2018,0.9891175507525642,0.010882449247435746,0.10245444171753289,0.8878789279596345,0.005296622912537219,0.005585826334898527,0.1077510646300701,0.8934647546650181,0.08442925997907887,0.9155707400209211
PT,2019,0.9891175507525642,0.010882449247435746,0.10245444171753289,0.8878789279596345,0.005296622912537219,0.005585826334898527,0.1077510646300701,0.8934647546650181,0.08442925997907887,0.9155707400209211
PT,2020,0.9891175507525642,0.010882449247435746,0.10245444171753289,0.8878789279596345,0.005296622912537219,0.005585826334898527,0.1077510646300701,0.8934647546650181,0.08442925997907887,0.9155707400209211
PT,2021,0.9891175507525642,0.010882449247435746,0.10245444171753289,0.8878789279596345,0.005296622912537219,0.005585826334898527,0.1077510646300701,0.8934647546650181,0.08442925997907887,0.9155707400209211
RO,1990,0.9960270579990638,0.003972942000936241,0.2976427381765934,0.6990278411017729,0.0037418337107711645,0.00023110829016507675,0.30138457188736456,0.699258949391938,0.5603394823720406,0.43966051762795944
RO,1991,0.9960270579990638,0.003972942000936241,0.2976427381765934,0.6990278411017729,0.0037418337107711645,0.00023110829016507675,0.30138457188736456,0.699258949391938,0.5603394823720406,0.43966051762795944
RO,1992,0.9960270579990638,0.003972942000936241,0.2976427381765934,0.6990278411017729,0.0037418337107711645,0.00023110829016507675,0.30138457188736456,0.699258949391938,0.5603394823720406,0.43966051762795944
RO,1993,0.9960270579990638,0.003972942000936241,0.2976427381765934,0.6990278411017729,0.0037418337107711645,0.00023110829016507675,0.30138457188736456,0.699258949391938,0.5603394823720406,0.43966051762795944
RO,1994,0.9960270579990638,0.003972942000936241,0.2976427381765934,0.6990278411017729,0.0037418337107711645,0.00023110829016507675,0.30138457188736456,0.699258949391938,0.5603394823720406,0.43966051762795944
RO,1995,0.9960270579990638,0.003972942000936241,0.2976427381765934,0.6990278411017729,0.0037418337107711645,0.00023110829016507675,0.30138457188736456,0.699258949391938,0.5603394823720406,0.43966051762795944
RO,1996,0.9960270579990638,0.003972942000936241,0.2976427381765934,0.6990278411017729,0.0037418337107711645,0.00023110829016507675,0.30138457188736456,0.699258949391938,0.5603394823720406,0.43966051762795944
RO,1997,0.9960270579990638,0.003972942000936241,0.2976427381765934,0.6990278411017729,0.0037418337107711645,0.00023110829016507675,0.30138457188736456,0.699258949391938,0.5603394823720406,0.43966051762795944
RO,1998,0.9960270579990638,0.003972942000936241,0.2976427381765934,0.6990278411017729,0.0037418337107711645,0.00023110829016507675,0.30138457188736456,0.699258949391938,0.5603394823720406,0.43966051762795944
RO,1999,0.9960270579990638,0.003972942000936241,0.2976427381765934,0.6990278411017729,0.0037418337107711645,0.00023110829016507675,0.30138457188736456,0.699258949391938,0.5603394823720406,0.43966051762795944
RO,2000,0.9960270579990638,0.003972942000936241,0.2976427381765934,0.6990278411017729,0.0037418337107711645,0.00023110829016507675,0.30138457188736456,0.699258949391938,0.5603394823720406,0.43966051762795944
RO,2001,0.9960270579990638,0.003972942000936241,0.2976427381765934,0.6990278411017729,0.0037418337107711645,0.00023110829016507675,0.30138457188736456,0.699258949391938,0.5603394823720406,0.43966051762795944
RO,2002,0.9960270579990638,0.003972942000936241,0.2976427381765934,0.6990278411017729,0.0037418337107711645,0.00023110829016507675,0.30138457188736456,0.699258949391938,0.5603394823720406,0.43966051762795944
RO,2003,0.9960270579990638,0.003972942000936241,0.2976427381765934,0.6990278411017729,0.0037418337107711645,0.00023110829016507675,0.30138457188736456,0.699258949391938,0.5603394823720406,0.43966051762795944
RO,2004,0.9960270579990638,0.003972942000936241,0.2976427381765934,0.6990278411017729,0.0037418337107711645,0.00023110829016507675,0.30138457188736456,0.699258949391938,0.5603394823720406,0.43966051762795944
RO,2005,0.9960270579990638,0.003972942000936241,0.2976427381765934,0.6990278411017729,0.0037418337107711645,0.00023110829016507675,0.30138457188736456,0.699258949391938,0.5603394823720406,0.43966051762795944
RO,2006,0.9960270579990638,0.003972942000936241,0.2976427381765934,0.6990278411017729,0.0037418337107711645,0.00023110829016507675,0.30138457188736456,0.699258949391938,0.5603394823720406,0.43966051762795944
RO,2007,0.9960270579990638,0.003972942000936241,0.2976427381765934,0.6990278411017729,0.0037418337107711645,0.00023110829016507675,0.30138457188736456,0.699258949391938,0.5603394823720406,0.43966051762795944
RO,2008,0.9960270579990638,0.003972942000936241,0.2976427381765934,0.6990278411017729,0.0037418337107711645,0.00023110829016507675,0.30138457188736456,0.699258949391938,0.5603394823720406,0.43966051762795944
RO,2009,0.9960270579990638,0.003972942000936241,0.2976427381765934,0.6990278411017729,0.0037418337107711645,0.00023110829016507675,0.30138457188736456,0.699258949391938,0.5603394823720406,0.43966051762795944
RO,2010,0.9960270579990638,0.003972942000936241,0.2976427381765934,0.6990278411017729,0.0037418337107711645,0.00023110829016507675,0.30138457188736456,0.699258949391938,0.5603394823720406,0.43966051762795944
RO,2011,0.9960270579990638,0.003972942000936241,0.2976427381765934,0.6990278411017729,0.0037418337107711645,0.00023110829016507675,0.30138457188736456,0.699258949391938,0.5603394823720406,0.43966051762795944
RO,2012,0.9960270579990638,0.003972942000936241,0.2976427381765934,0.6990278411017729,0.0037418337107711645,0.00023110829016507675,0.30138457188736456,0.699258949391938,0.5603394823720406,0.43966051762795944
RO,2013,0.9960270579990638,0.003972942000936241,0.2976427381765934,0.6990278411017729,0.0037418337107711645,0.00023110829016507675,0.30138457188736456,0.699258949391938,0.5603394823720406,0.43966051762795944
RO,2014,0.9960270579990638,0.003972942000936241,0.2976427381765934,0.6990278411017729,0.0037418337107711645,0.00023110829016507675,0.30138457188736456,0.699258949391938,0.5603394823720406,0.43966051762795944
RO,2015,0.9960270579990638,0.003972942000936241,0.2976427381765934,0.6990278411017729,0.0037418337107711645,0.00023110829016507675,0.30138457188736456,0.699258949391938,0.5603394823720406,0.43966051762795944
RO,2016,0.9960270579990638,0.003972942000936241,0.2976427381765934,0.6990278411017729,0.0037418337107711645,0.00023110829016507675,0.30138457188736456,0.699258949391938,0.5603394823720406,0.43966051762795944
RO,2017,0.9960270579990638,0.003972942000936241,0.2976427381765934,0.6990278411017729,0.0037418337107711645,0.00023110829016507675,0.30138457188736456,0.699258949391938,0.5603394823720406,0.43966051762795944
RO,2018,0.9960270579990638,0.003972942000936241,0.2976427381765934,0.6990278411017729,0.0037418337107711645,0.00023110829016507675,0.30138457188736456,0.699258949391938,0.5603394823720406,0.43966051762795944
RO,2019,0.9960270579990638,0.003972942000936241,0.2976427381765934,0.6990278411017729,0.0037418337107711645,0.00023110829016507675,0.30138457188736456,0.699258949391938,0.5603394823720406,0.43966051762795944
RO,2020,0.9960270579990638,0.003972942000936241,0.2976427381765934,0.6990278411017729,0.0037418337107711645,0.00023110829016507675,0.30138457188736456,0.699258949391938,0.5603394823720406,0.43966051762795944
RO,2021,0.9960270579990638,0.003972942000936241,0.2976427381765934,0.6990278411017729,0.0037418337107711645,0.00023110829016507675,0.30138457188736456,0.699258949391938,0.5603394823720406,0.43966051762795944
RS,1990,0.9063450483868652,0.0936549516131348,0.0,0.9063450483868652,0.0,0.0936549516131348,0.0,1.0000000000000002,0.2783609738884968,0.7216390261115031
RS,1991,0.9063450483868652,0.0936549516131348,0.0,0.9063450483868652,0.0,0.0936549516131348,0.0,1.0000000000000002,0.2783609738884968,0.7216390261115031
RS,1992,0.9063450483868652,0.0936549516131348,0.0,0.9063450483868652,0.0,0.0936549516131348,0.0,1.0000000000000002,0.2783609738884968,0.7216390261115031
RS,1993,0.9063450483868652,0.0936549516131348,0.0,0.9063450483868652,0.0,0.0936549516131348,0.0,1.0000000000000002,0.2783609738884968,0.7216390261115031
RS,1994,0.9063450483868652,0.0936549516131348,0.0,0.9063450483868652,0.0,0.0936549516131348,0.0,1.0000000000000002,0.2783609738884968,0.7216390261115031
RS,1995,0.9063450483868652,0.0936549516131348,0.0,0.9063450483868652,0.0,0.0936549516131348,0.0,1.0000000000000002,0.2783609738884968,0.7216390261115031
RS,1996,0.9063450483868652,0.0936549516131348,0.0,0.9063450483868652,0.0,0.0936549516131348,0.0,1.0000000000000002,0.2783609738884968,0.7216390261115031
RS,1997,0.9063450483868652,0.0936549516131348,0.0,0.9063450483868652,0.0,0.0936549516131348,0.0,1.0000000000000002,0.2783609738884968,0.7216390261115031
RS,1998,0.9063450483868652,0.0936549516131348,0.0,0.9063450483868652,0.0,0.0936549516131348,0.0,1.0000000000000002,0.2783609738884968,0.7216390261115031
RS,1999,0.9063450483868652,0.0936549516131348,0.0,0.9063450483868652,0.0,0.0936549516131348,0.0,1.0000000000000002,0.2783609738884968,0.7216390261115031
RS,2000,0.9063450483868652,0.0936549516131348,0.0,0.9063450483868652,0.0,0.0936549516131348,0.0,1.0000000000000002,0.2783609738884968,0.7216390261115031
RS,2001,0.9063450483868652,0.0936549516131348,0.0,0.9063450483868652,0.0,0.0936549516131348,0.0,1.0000000000000002,0.2783609738884968,0.7216390261115031
RS,2002,0.9063450483868652,0.0936549516131348,0.0,0.9063450483868652,0.0,0.0936549516131348,0.0,1.0000000000000002,0.2783609738884968,0.7216390261115031
RS,2003,0.9063450483868652,0.0936549516131348,0.0,0.9063450483868652,0.0,0.0936549516131348,0.0,1.0000000000000002,0.2783609738884968,0.7216390261115031
RS,2004,0.9063450483868652,0.0936549516131348,0.0,0.9063450483868652,0.0,0.0936549516131348,0.0,1.0000000000000002,0.2783609738884968,0.7216390261115031
RS,2005,0.9063450483868652,0.0936549516131348,0.0,0.9063450483868652,0.0,0.0936549516131348,0.0,1.0000000000000002,0.2783609738884968,0.7216390261115031
RS,2006,0.9063450483868652,0.0936549516131348,0.0,0.9063450483868652,0.0,0.0936549516131348,0.0,1.0000000000000002,0.2783609738884968,0.7216390261115031
RS,2007,0.9063450483868652,0.0936549516131348,0.0,0.9063450483868652,0.0,0.0936549516131348,0.0,1.0000000000000002,0.2783609738884968,0.7216390261115031
RS,2008,0.9063450483868652,0.0936549516131348,0.0,0.9063450483868652,0.0,0.0936549516131348,0.0,1.0000000000000002,0.2783609738884968,0.7216390261115031
RS,2009,0.9063450483868652,0.0936549516131348,0.0,0.9063450483868652,0.0,0.0936549516131348,0.0,1.0000000000000002,0.2783609738884968,0.7216390261115031
RS,2010,0.9063450483868652,0.0936549516131348,0.0,0.9063450483868652,0.0,0.0936549516131348,0.0,1.0000000000000002,0.2783609738884968,0.7216390261115031
RS,2011,0.9063450483868652,0.0936549516131348,0.0,0.9063450483868652,0.0,0.0936549516131348,0.0,1.0000000000000002,0.2783609738884968,0.7216390261115031
RS,2012,0.9063450483868652,0.0936549516131348,0.0,0.9063450483868652,0.0,0.0936549516131348,0.0,1.0000000000000002,0.2783609738884968,0.7216390261115031
RS,2013,0.9063450483868652,0.0936549516131348,0.0,0.9063450483868652,0.0,0.0936549516131348,0.0,1.0000000000000002,0.2783609738884968,0.7216390261115031
RS,2014,0.9063450483868652,0.0936549516131348,0.0,0.9063450483868652,0.0,0.0936549516131348,0.0,1.0000000000000002,0.2783609738884968,0.7216390261115031
RS,2015,0.9063450483868652,0.0936549516131348,0.0,0.9063450483868652,0.0,0.0936549516131348,0.0,1.0000000000000002,0.2783609738884968,0.7216390261115031
RS,2016,0.9063450483868652,0.0936549516131348,0.0,0.9063450483868652,0.0,0.0936549516131348,0.0,1.0000000000000002,0.2783609738884968,0.7216390261115031
RS,2017,0.9063450483868652,0.0936549516131348,0.0,0.9063450483868652,0.0,0.0936549516131348,0.0,1.0000000000000002,0.2783609738884968,0.7216390261115031
RS,2018,0.9063450483868652,0.0936549516131348,0.0,0.9063450483868652,0.0,0.0936549516131348,0.0,1.0000000000000002,0.2783609738884968,0.7216390261115031
RS,2019,0.9063450483868652,0.0936549516131348,0.0,0.9063450483868652,0.0,0.0936549516131348,0.0,1.0000000000000002,0.2783609738884968,0.7216390261115031
RS,2020,0.9063450483868652,0.0936549516131348,0.0,0.9063450483868652,0.0,0.0936549516131348,0.0,1.0000000000000002,0.2783609738884968,0.7216390261115031
RS,2021,0.9063450483868652,0.0936549516131348,0.0,0.9063450483868652,0.0,0.0936549516131348,0.0,1.0000000000000002,0.2783609738884968,0.7216390261115031
SE,1990,0.9885424660108998,0.011457533989100231,0.15155488002061085,0.8377430186040926,0.009892281824681347,0.0015652521644188833,0.1614471618452922,0.8393082713393806,0.06561883210643263,0.9343811678935673
SE,1991,0.9885424660108998,0.011457533989100231,0.15155488002061085,0.8377430186040926,0.009892281824681347,0.0015652521644188833,0.1614471618452922,0.8393082713393806,0.06561883210643263,0.9343811678935673
SE,1992,0.9885424660108998,0.011457533989100231,0.15155488002061085,0.8377430186040926,0.009892281824681347,0.0015652521644188833,0.1614471618452922,0.8393082713393806,0.06561883210643263,0.9343811678935673
SE,1993,0.9885424660108998,0.011457533989100231,0.15155488002061085,0.8377430186040926,0.009892281824681347,0.0015652521644188833,0.1614471618452922,0.8393082713393806,0.06561883210643263,0.9343811678935673
SE,1994,0.9885424660108998,0.011457533989100231,0.15155488002061085,0.8377430186040926,0.009892281824681347,0.0015652521644188833,0.1614471618452922,0.8393082713393806,0.06561883210643263,0.9343811678935673
SE,1995,0.9885424660108998,0.011457533989100231,0.15155488002061085,0.8377430186040926,0.009892281824681347,0.0015652521644188833,0.1614471618452922,0.8393082713393806,0.06561883210643263,0.9343811678935673
SE,1996,0.9885424660108998,0.011457533989100231,0.15155488002061085,0.8377430186040926,0.009892281824681347,0.0015652521644188833,0.1614471618452922,0.8393082713393806,0.06561883210643263,0.9343811678935673
SE,1997,0.9885424660108998,0.011457533989100231,0.15155488002061085,0.8377430186040926,0.009892281824681347,0.0015652521644188833,0.1614471618452922,0.8393082713393806,0.06561883210643263,0.9343811678935673
SE,1998,0.9885424660108998,0.011457533989100231,0.15155488002061085,0.8377430186040926,0.009892281824681347,0.0015652521644188833,0.1614471618452922,0.8393082713393806,0.06561883210643263,0.9343811678935673
SE,1999,0.9885424660108998,0.011457533989100231,0.15155488002061085,0.8377430186040926,0.009892281824681347,0.0015652521644188833,0.1614471618452922,0.8393082713393806,0.06561883210643263,0.9343811678935673
SE,2000,0.9885424660108998,0.011457533989100231,0.15155488002061085,0.8377430186040926,0.009892281824681347,0.0015652521644188833,0.1614471618452922,0.8393082713393806,0.06561883210643263,0.9343811678935673
SE,2001,0.9885424660108998,0.011457533989100231,0.15155488002061085,0.8377430186040926,0.009892281824681347,0.0015652521644188833,0.1614471618452922,0.8393082713393806,0.06561883210643263,0.9343811678935673
SE,2002,0.9885424660108998,0.011457533989100231,0.15155488002061085,0.8377430186040926,0.009892281824681347,0.0015652521644188833,0.1614471618452922,0.8393082713393806,0.06561883210643263,0.9343811678935673
SE,2003,0.9885424660108998,0.011457533989100231,0.15155488002061085,0.8377430186040926,0.009892281824681347,0.0015652521644188833,0.1614471618452922,0.8393082713393806,0.06561883210643263,0.9343811678935673
SE,2004,0.9885424660108998,0.011457533989100231,0.15155488002061085,0.8377430186040926,0.009892281824681347,0.0015652521644188833,0.1614471618452922,0.8393082713393806,0.06561883210643263,0.9343811678935673
SE,2005,0.9885424660108998,0.011457533989100231,0.15155488002061085,0.8377430186040926,0.009892281824681347,0.0015652521644188833,0.1614471618452922,0.8393082713393806,0.06561883210643263,0.9343811678935673
SE,2006,0.9885424660108998,0.011457533989100231,0.15155488002061085,0.8377430186040926,0.009892281824681347,0.0015652521644188833,0.1614471618452922,0.8393082713393806,0.06561883210643263,0.9343811678935673
SE,2007,0.9885424660108998,0.011457533989100231,0.15155488002061085,0.8377430186040926,0.009892281824681347,0.0015652521644188833,0.1614471618452922,0.8393082713393806,0.06561883210643263,0.9343811678935673
SE,2008,0.9885424660108998,0.011457533989100231,0.15155488002061085,0.8377430186040926,0.009892281824681347,0.0015652521644188833,0.1614471618452922,0.8393082713393806,0.06561883210643263,0.9343811678935673
SE,2009,0.9885424660108998,0.011457533989100231,0.15155488002061085,0.8377430186040926,0.009892281824681347,0.0015652521644188833,0.1614471618452922,0.8393082713393806,0.06561883210643263,0.9343811678935673
SE,2010,0.9885424660108998,0.011457533989100231,0.15155488002061085,0.8377430186040926,0.009892281824681347,0.0015652521644188833,0.1614471618452922,0.8393082713393806,0.06561883210643263,0.9343811678935673
SE,2011,0.9885424660108998,0.011457533989100231,0.15155488002061085,0.8377430186040926,0.009892281824681347,0.0015652521644188833,0.1614471618452922,0.8393082713393806,0.06561883210643263,0.9343811678935673
SE,2012,0.9885424660108998,0.011457533989100231,0.15155488002061085,0.8377430186040926,0.009892281824681347,0.0015652521644188833,0.1614471618452922,0.8393082713393806,0.06561883210643263,0.9343811678935673
SE,2013,0.9885424660108998,0.011457533989100231,0.15155488002061085,0.8377430186040926,0.009892281824681347,0.0015652521644188833,0.1614471618452922,0.8393082713393806,0.06561883210643263,0.9343811678935673
SE,2014,0.9885424660108998,0.011457533989100231,0.15155488002061085,0.8377430186040926,0.009892281824681347,0.0015652521644188833,0.1614471618452922,0.8393082713393806,0.06561883210643263,0.9343811678935673
SE,2015,0.9885424660108998,0.011457533989100231,0.15155488002061085,0.8377430186040926,0.009892281824681347,0.0015652521644188833,0.1614471618452922,0.8393082713393806,0.06561883210643263,0.9343811678935673
SE,2016,0.9885424660108998,0.011457533989100231,0.15155488002061085,0.8377430186040926,0.009892281824681347,0.0015652521644188833,0.1614471618452922,0.8393082713393806,0.06561883210643263,0.9343811678935673
SE,2017,0.9885424660108998,0.011457533989100231,0.15155488002061085,0.8377430186040926,0.009892281824681347,0.0015652521644188833,0.1614471618452922,0.8393082713393806,0.06561883210643263,0.9343811678935673
SE,2018,0.9885424660108998,0.011457533989100231,0.15155488002061085,0.8377430186040926,0.009892281824681347,0.0015652521644188833,0.1614471618452922,0.8393082713393806,0.06561883210643263,0.9343811678935673
SE,2019,0.9885424660108998,0.011457533989100231,0.15155488002061085,0.8377430186040926,0.009892281824681347,0.0015652521644188833,0.1614471618452922,0.8393082713393806,0.06561883210643263,0.9343811678935673
SE,2020,0.9885424660108998,0.011457533989100231,0.15155488002061085,0.8377430186040926,0.009892281824681347,0.0015652521644188833,0.1614471618452922,0.8393082713393806,0.06561883210643263,0.9343811678935673
SE,2021,0.9885424660108998,0.011457533989100231,0.15155488002061085,0.8377430186040926,0.009892281824681347,0.0015652521644188833,0.1614471618452922,0.8393082713393806,0.06561883210643263,0.9343811678935673
SI,1990,0.9862841428906434,0.013715857109356681,0.0,0.9862841428906434,0.012706870945048075,0.0010089861643086063,0.012706870945048075,0.9872931290549519,0.0,1.0
SI,1991,0.9862841428906434,0.013715857109356681,0.0,0.9862841428906434,0.012706870945048075,0.0010089861643086063,0.012706870945048075,0.9872931290549519,0.0,1.0
SI,1992,0.9862841428906434,0.013715857109356681,0.0,0.9862841428906434,0.012706870945048075,0.0010089861643086063,0.012706870945048075,0.9872931290549519,0.0,1.0
SI,1993,0.9862841428906434,0.013715857109356681,0.0,0.9862841428906434,0.012706870945048075,0.0010089861643086063,0.012706870945048075,0.9872931290549519,0.0,1.0
SI,1994,0.9862841428906434,0.013715857109356681,0.0,0.9862841428906434,0.012706870945048075,0.0010089861643086063,0.012706870945048075,0.9872931290549519,0.0,1.0
SI,1995,0.9862841428906434,0.013715857109356681,0.0,0.9862841428906434,0.012706870945048075,0.0010089861643086063,0.012706870945048075,0.9872931290549519,0.0,1.0
SI,1996,0.9862841428906434,0.013715857109356681,0.0,0.9862841428906434,0.012706870945048075,0.0010089861643086063,0.012706870945048075,0.9872931290549519,0.0,1.0
SI,1997,0.9862841428906434,0.013715857109356681,0.0,0.9862841428906434,0.012706870945048075,0.0010089861643086063,0.012706870945048075,0.9872931290549519,0.0,1.0
SI,1998,0.9862841428906434,0.013715857109356681,0.0,0.9862841428906434,0.012706870945048075,0.0010089861643086063,0.012706870945048075,0.9872931290549519,0.0,1.0
SI,1999,0.9862841428906434,0.013715857109356681,0.0,0.9862841428906434,0.012706870945048075,0.0010089861643086063,0.012706870945048075,0.9872931290549519,0.0,1.0
SI,2000,0.9862841428906434,0.013715857109356681,0.0,0.9862841428906434,0.012706870945048075,0.0010089861643086063,0.012706870945048075,0.9872931290549519,0.0,1.0
SI,2001,0.9862841428906434,0.013715857109356681,0.0,0.9862841428906434,0.012706870945048075,0.0010089861643086063,0.012706870945048075,0.9872931290549519,0.0,1.0
SI,2002,0.9862841428906434,0.013715857109356681,0.0,0.9862841428906434,0.012706870945048075,0.0010089861643086063,0.012706870945048075,0.9872931290549519,0.0,1.0
SI,2003,0.9862841428906434,0.013715857109356681,0.0,0.9862841428906434,0.012706870945048075,0.0010089861643086063,0.012706870945048075,0.9872931290549519,0.0,1.0
SI,2004,0.9862841428906434,0.013715857109356681,0.0,0.9862841428906434,0.012706870945048075,0.0010089861643086063,0.012706870945048075,0.9872931290549519,0.0,1.0
SI,2005,0.9862841428906434,0.013715857109356681,0.0,0.9862841428906434,0.012706870945048075,0.0010089861643086063,0.012706870945048075,0.9872931290549519,0.0,1.0
SI,2006,0.9862841428906434,0.013715857109356681,0.0,0.9862841428906434,0.012706870945048075,0.0010089861643086063,0.012706870945048075,0.9872931290549519,0.0,1.0
SI,2007,0.9862841428906434,0.013715857109356681,0.0,0.9862841428906434,0.012706870945048075,0.0010089861643086063,0.012706870945048075,0.9872931290549519,0.0,1.0
SI,2008,0.9862841428906434,0.013715857109356681,0.0,0.9862841428906434,0.012706870945048075,0.0010089861643086063,0.012706870945048075,0.9872931290549519,0.0,1.0
SI,2009,0.9862841428906434,0.013715857109356681,0.0,0.9862841428906434,0.012706870945048075,0.0010089861643086063,0.012706870945048075,0.9872931290549519,0.0,1.0
SI,2010,0.9862841428906434,0.013715857109356681,0.0,0.9862841428906434,0.012706870945048075,0.0010089861643086063,0.012706870945048075,0.9872931290549519,0.0,1.0
SI,2011,0.9862841428906434,0.013715857109356681,0.0,0.9862841428906434,0.012706870945048075,0.0010089861643086063,0.012706870945048075,0.9872931290549519,0.0,1.0
SI,2012,0.9862841428906434,0.013715857109356681,0.0,0.9862841428906434,0.012706870945048075,0.0010089861643086063,0.012706870945048075,0.9872931290549519,0.0,1.0
SI,2013,0.9862841428906434,0.013715857109356681,0.0,0.9862841428906434,0.012706870945048075,0.0010089861643086063,0.012706870945048075,0.9872931290549519,0.0,1.0
SI,2014,0.9862841428906434,0.013715857109356681,0.0,0.9862841428906434,0.012706870945048075,0.0010089861643086063,0.012706870945048075,0.9872931290549519,0.0,1.0
SI,2015,0.9862841428906434,0.013715857109356681,0.0,0.9862841428906434,0.012706870945048075,0.0010089861643086063,0.012706870945048075,0.9872931290549519,0.0,1.0
SI,2016,0.9862841428906434,0.013715857109356681,0.0,0.9862841428906434,0.012706870945048075,0.0010089861643086063,0.012706870945048075,0.9872931290549519,0.0,1.0
SI,2017,0.9862841428906434,0.013715857109356681,0.0,0.9862841428906434,0.012706870945048075,0.0010089861643086063,0.012706870945048075,0.9872931290549519,0.0,1.0
SI,2018,0.9862841428906434,0.013715857109356681,0.0,0.9862841428906434,0.012706870945048075,0.0010089861643086063,0.012706870945048075,0.9872931290549519,0.0,1.0
SI,2019,0.9862841428906434,0.013715857109356681,0.0,0.9862841428906434,0.012706870945048075,0.0010089861643086063,0.012706870945048075,0.9872931290549519,0.0,1.0
SI,2020,0.9862841428906434,0.013715857109356681,0.0,0.9862841428906434,0.012706870945048075,0.0010089861643086063,0.012706870945048075,0.9872931290549519,0.0,1.0
SI,2021,0.9862841428906434,0.013715857109356681,0.0,0.9862841428906434,0.012706870945048075,0.0010089861643086063,0.012706870945048075,0.9872931290549519,0.0,1.0
SK,1990,0.9804715015626714,0.01952849843732876,0.0,0.9804715015626714,0.019261353458473005,0.0002671449788557543,0.019261353458473005,0.9807386465415271,1.0,0.0
SK,1991,0.9804715015626714,0.01952849843732876,0.0,0.9804715015626714,0.019261353458473005,0.0002671449788557543,0.019261353458473005,0.9807386465415271,1.0,0.0
SK,1992,0.9804715015626714,0.01952849843732876,0.0,0.9804715015626714,0.019261353458473005,0.0002671449788557543,0.019261353458473005,0.9807386465415271,1.0,0.0
SK,1993,0.9804715015626714,0.01952849843732876,0.0,0.9804715015626714,0.019261353458473005,0.0002671449788557543,0.019261353458473005,0.9807386465415271,1.0,0.0
SK,1994,0.9804715015626714,0.01952849843732876,0.0,0.9804715015626714,0.019261353458473005,0.0002671449788557543,0.019261353458473005,0.9807386465415271,1.0,0.0
SK,1995,0.9804715015626714,0.01952849843732876,0.0,0.9804715015626714,0.019261353458473005,0.0002671449788557543,0.019261353458473005,0.9807386465415271,1.0,0.0
SK,1996,0.9804715015626714,0.01952849843732876,0.0,0.9804715015626714,0.019261353458473005,0.0002671449788557543,0.019261353458473005,0.9807386465415271,1.0,0.0
SK,1997,0.9804715015626714,0.01952849843732876,0.0,0.9804715015626714,0.019261353458473005,0.0002671449788557543,0.019261353458473005,0.9807386465415271,1.0,0.0
SK,1998,0.9804715015626714,0.01952849843732876,0.0,0.9804715015626714,0.019261353458473005,0.0002671449788557543,0.019261353458473005,0.9807386465415271,1.0,0.0
SK,1999,0.9804715015626714,0.01952849843732876,0.0,0.9804715015626714,0.019261353458473005,0.0002671449788557543,0.019261353458473005,0.9807386465415271,1.0,0.0
SK,2000,0.9804715015626714,0.01952849843732876,0.0,0.9804715015626714,0.019261353458473005,0.0002671449788557543,0.019261353458473005,0.9807386465415271,1.0,0.0
SK,2001,0.9804715015626714,0.01952849843732876,0.0,0.9804715015626714,0.019261353458473005,0.0002671449788557543,0.019261353458473005,0.9807386465415271,1.0,0.0
SK,2002,0.9804715015626714,0.01952849843732876,0.0,0.9804715015626714,0.019261353458473005,0.0002671449788557543,0.019261353458473005,0.9807386465415271,1.0,0.0
SK,2003,0.9804715015626714,0.01952849843732876,0.0,0.9804715015626714,0.019261353458473005,0.0002671449788557543,0.019261353458473005,0.9807386465415271,1.0,0.0
SK,2004,0.9804715015626714,0.01952849843732876,0.0,0.9804715015626714,0.019261353458473005,0.0002671449788557543,0.019261353458473005,0.9807386465415271,1.0,0.0
SK,2005,0.9804715015626714,0.01952849843732876,0.0,0.9804715015626714,0.019261353458473005,0.0002671449788557543,0.019261353458473005,0.9807386465415271,1.0,0.0
SK,2006,0.9804715015626714,0.01952849843732876,0.0,0.9804715015626714,0.019261353458473005,0.0002671449788557543,0.019261353458473005,0.9807386465415271,1.0,0.0
SK,2007,0.9804715015626714,0.01952849843732876,0.0,0.9804715015626714,0.019261353458473005,0.0002671449788557543,0.019261353458473005,0.9807386465415271,1.0,0.0
SK,2008,0.9804715015626714,0.01952849843732876,0.0,0.9804715015626714,0.019261353458473005,0.0002671449788557543,0.019261353458473005,0.9807386465415271,1.0,0.0
SK,2009,0.9804715015626714,0.01952849843732876,0.0,0.9804715015626714,0.019261353458473005,0.0002671449788557543,0.019261353458473005,0.9807386465415271,1.0,0.0
SK,2010,0.9804715015626714,0.01952849843732876,0.0,0.9804715015626714,0.019261353458473005,0.0002671449788557543,0.019261353458473005,0.9807386465415271,1.0,0.0
SK,2011,0.9804715015626714,0.01952849843732876,0.0,0.9804715015626714,0.019261353458473005,0.0002671449788557543,0.019261353458473005,0.9807386465415271,1.0,0.0
SK,2012,0.9804715015626714,0.01952849843732876,0.0,0.9804715015626714,0.019261353458473005,0.0002671449788557543,0.019261353458473005,0.9807386465415271,1.0,0.0
SK,2013,0.9804715015626714,0.01952849843732876,0.0,0.9804715015626714,0.019261353458473005,0.0002671449788557543,0.019261353458473005,0.9807386465415271,1.0,0.0
SK,2014,0.9804715015626714,0.01952849843732876,0.0,0.9804715015626714,0.019261353458473005,0.0002671449788557543,0.019261353458473005,0.9807386465415271,1.0,0.0
SK,2015,0.9804715015626714,0.01952849843732876,0.0,0.9804715015626714,0.019261353458473005,0.0002671449788557543,0.019261353458473005,0.9807386465415271,1.0,0.0
SK,2016,0.9804715015626714,0.01952849843732876,0.0,0.9804715015626714,0.019261353458473005,0.0002671449788557543,0.019261353458473005,0.9807386465415271,1.0,0.0
SK,2017,0.9804715015626714,0.01952849843732876,0.0,0.9804715015626714,0.019261353458473005,0.0002671449788557543,0.019261353458473005,0.9807386465415271,1.0,0.0
SK,2018,0.9804715015626714,0.01952849843732876,0.0,0.9804715015626714,0.019261353458473005,0.0002671449788557543,0.019261353458473005,0.9807386465415271,1.0,0.0
SK,2019,0.9804715015626714,0.01952849843732876,0.0,0.9804715015626714,0.019261353458473005,0.0002671449788557543,0.019261353458473005,0.9807386465415271,1.0,0.0
SK,2020,0.9804715015626714,0.01952849843732876,0.0,0.9804715015626714,0.019261353458473005,0.0002671449788557543,0.019261353458473005,0.9807386465415271,1.0,0.0
SK,2021,0.9804715015626714,0.01952849843732876,0.0,0.9804715015626714,0.019261353458473005,0.0002671449788557543,0.019261353458473005,0.9807386465415271,1.0,0.0
XK,1990,0.9063450552319833,0.09365494476801667,0.0,0.9063450552319833,0.0,0.09365494476801667,0.0,1.0,0.5,0.5
XK,1991,0.9063450552319833,0.09365494476801667,0.0,0.9063450552319833,0.0,0.09365494476801667,0.0,1.0,0.5,0.5
XK,1992,0.9063450552319833,0.09365494476801667,0.0,0.9063450552319833,0.0,0.09365494476801667,0.0,1.0,0.5,0.5
XK,1993,0.9063450552319833,0.09365494476801667,0.0,0.9063450552319833,0.0,0.09365494476801667,0.0,1.0,0.5,0.5
XK,1994,0.9063450552319833,0.09365494476801667,0.0,0.9063450552319833,0.0,0.09365494476801667,0.0,1.0,0.5,0.5
XK,1995,0.9063450552319833,0.09365494476801667,0.0,0.9063450552319833,0.0,0.09365494476801667,0.0,1.0,0.5,0.5
XK,1996,0.9063450552319833,0.09365494476801667,0.0,0.9063450552319833,0.0,0.09365494476801667,0.0,1.0,0.5,0.5
XK,1997,0.9063450552319833,0.09365494476801667,0.0,0.9063450552319833,0.0,0.09365494476801667,0.0,1.0,0.5,0.5
XK,1998,0.9063450552319833,0.09365494476801667,0.0,0.9063450552319833,0.0,0.09365494476801667,0.0,1.0,0.5,0.5
XK,1999,0.9063450552319833,0.09365494476801667,0.0,0.9063450552319833,0.0,0.09365494476801667,0.0,1.0,0.5,0.5
XK,2000,0.9063450552319833,0.09365494476801667,0.0,0.9063450552319833,0.0,0.09365494476801667,0.0,1.0,0.5,0.5
XK,2001,0.9063450552319833,0.09365494476801667,0.0,0.9063450552319833,0.0,0.09365494476801667,0.0,1.0,0.5,0.5
XK,2002,0.9063450552319833,0.09365494476801667,0.0,0.9063450552319833,0.0,0.09365494476801667,0.0,1.0,0.5,0.5
XK,2003,0.9063450552319833,0.09365494476801667,0.0,0.9063450552319833,0.0,0.09365494476801667,0.0,1.0,0.5,0.5
XK,2004,0.9063450552319833,0.09365494476801667,0.0,0.9063450552319833,0.0,0.09365494476801667,0.0,1.0,0.5,0.5
XK,2005,0.9063450552319833,0.09365494476801667,0.0,0.9063450552319833,0.0,0.09365494476801667,0.0,1.0,0.5,0.5
XK,2006,0.9063450552319833,0.09365494476801667,0.0,0.9063450552319833,0.0,0.09365494476801667,0.0,1.0,0.5,0.5
XK,2007,0.9063450552319833,0.09365494476801667,0.0,0.9063450552319833,0.0,0.09365494476801667,0.0,1.0,0.5,0.5
XK,2008,0.9063450552319833,0.09365494476801667,0.0,0.9063450552319833,0.0,0.09365494476801667,0.0,1.0,0.5,0.5
XK,2009,0.9063450552319833,0.09365494476801667,0.0,0.9063450552319833,0.0,0.09365494476801667,0.0,1.0,0.5,0.5
XK,2010,0.9063450552319833,0.09365494476801667,0.0,0.9063450552319833,0.0,0.09365494476801667,0.0,1.0,0.5,0.5
XK,2011,0.9063450552319833,0.09365494476801667,0.0,0.9063450552319833,0.0,0.09365494476801667,0.0,1.0,0.5,0.5
XK,2012,0.9063450552319833,0.09365494476801667,0.0,0.9063450552319833,0.0,0.09365494476801667,0.0,1.0,0.5,0.5
XK,2013,0.9063450552319833,0.09365494476801667,0.0,0.9063450552319833,0.0,0.09365494476801667,0.0,1.0,0.5,0.5
XK,2014,0.9063450552319833,0.09365494476801667,0.0,0.9063450552319833,0.0,0.09365494476801667,0.0,1.0,0.5,0.5
XK,2015,0.9063450552319833,0.09365494476801667,0.0,0.9063450552319833,0.0,0.09365494476801667,0.0,1.0,0.5,0.5
XK,2016,0.9063450552319833,0.09365494476801667,0.0,0.9063450552319833,0.0,0.09365494476801667,0.0,1.0,0.5,0.5
XK,2017,0.9063450552319833,0.09365494476801667,0.0,0.9063450552319833,0.0,0.09365494476801667,0.0,1.0,0.5,0.5
XK,2018,0.9063450552319833,0.09365494476801667,0.0,0.9063450552319833,0.0,0.09365494476801667,0.0,1.0,0.5,0.5
XK,2019,0.9063450552319833,0.09365494476801667,0.0,0.9063450552319833,0.0,0.09365494476801667,0.0,1.0,0.5,0.5
XK,2020,0.9063450552319833,0.09365494476801667,0.0,0.9063450552319833,0.0,0.09365494476801667,0.0,1.0,0.5,0.5
XK,2021,0.9063450552319833,0.09365494476801667,0.0,0.9063450552319833,0.0,0.09365494476801667,0.0,1.0,0.5,0.5
